Timestamp,X Position,Y Position,X Velocity,Y Velocity,Rotation,Rotation Velocity,Data1,Data2,Data3,Data4,FPS
0,0.0000004999999987376214,0,0,0,0,0,0,0,0,0,106.07828521728516
0,0.0000004999999987376214,0,0,0,0,0,0,0,0,0,132.81976318359375
0,0.0000004999999987376214,0,0,0,0,0,0,0,0,0,55.343406677246094
0,0.0000004999999987376214,0,0,0,0,0,0,0,0,0,74.02472686767578
0,0.0000004999999987376214,0,0,0,0,0,0,0,0,0,163.15875244140625
0,0.0000004999999987376214,0,0,0,0,0,0,0,0,0,172.6519317626953
0,0.0000004999999987376214,0,0,0,0,0,0,0,0,0,133.86880493164063
0,0.0000004999999987376214,0,0,0,0,0,0,0,0,0,70.9823989868164
0,0.0000004999999987376214,0,0,0,0,0,0,0,0,0,234.356689453125
0,0.0000004999999987376214,0,0,0,0,0,0,0,0,0,105.4963607788086
0,0.0000004999999987376214,0,0,0,0,0,0,0,0,0,157.82827758789063
0,0.0000004999999987376214,0,0,0,0,0,0,0,0,0,133.88673400878906
0,0.0000004999999987376214,0,0,0,0,0,0,0,0,0,76.16726684570313
0,0.0000004999999987376214,0,0,0,0,0,0,0,0,0,209.29258728027344
0,0.0000004999999987376214,0,0,0,0,0,0,0,0,0,113.86927795410156
0,0.0000004999999987376214,0,0,0,0,0,0,0,0,0,135.55645751953125
0,0.0000004999999987376214,0,0,0,0,0,0,0,0,0,127.08094787597656
0,0.0000004999999987376214,0,0,0,0,0,0,0,0,0,74.96251678466797
0,0.0000004999999987376214,0,0,0,0,0,0,0,0,0,259.1344909667969
0,0.0000004999999987376214,0,0,0,0,0,0,0,0,0,107.53844451904297
0,0.0000004999999987376214,0,0,0,0,0,0,0,0,0,130.19137573242188
0,0.0000004999999987376214,0,0,0,0,0,0,0,0,0,127.32365417480469
0,0.0000004999999987376214,0,0,0,0,0,0,0,0,0,75.01875305175781
0,0.0000004999999987376214,0,0,0,0,0,0,0,0,0,122.66928100585938
0,0.0000004999999987376214,0,0,0,0,0,0,0,0,0,257.7319641113281
0,0.0000004999999987376214,0,0,0,0,0,0,0,0,0,115.12779235839844
0,0.0000004999999987376214,0,0,0,0,0,0,0,0,0,130.97576904296875
0,0.0000004999999987376214,0,0,0,0,0,0,0,0,0,80.12178802490234
0,0.0000004999999987376214,0,0,0,0,0,0,0,0,0,124.45550537109375
0,0.0000004999999987376214,0,0,0,0,0,0,0,0,0,199.04458618164063
0,0.0000004999999987376214,0,0,0,0,0,0,0,0,0,117.21955108642578
0,0.0000004999999987376214,0,0,0,0,0,0,0,0,0,131.0787811279297
0,0.0000004999999987376214,0,0,0,0,0,0,0,0,0,74.36602783203125
0,0.0000004999999987376214,0,0,0,0,0,0,0,0,0,183.41893005371094
0,0.0000004999999987376214,0,0,0,0,0,0,0,0,0,144.57135009765625
0,0.0000004999999987376214,0,0,0,0,0,0,0,0,0,121.93634796142578
0,0.0000004999999987376214,0,0,0,0,0,0,0,0,0,88.1678695678711
0,0.0000004999999987376214,0,0,0,0,0,0,0,0,0,177.27352905273438
0,0.0000004999999987376214,0,0,0,0,0,0,0,0,0,112.44799041748047
0,0.0000004999999987376214,0,0,0,0,0,0,0,0,0,136.1841278076172
0,0.0000004999999987376214,0,0,0,0,0,0,0,0,0,125.5650405883789
0,0.0000004999999987376214,0,0,0,0,0,0,0,0,0,84.18925476074219
0,0.0000004999999987376214,0,0,0,0,0,0,0,0,0,210.17234802246094
0,0.0000004999999987376214,0,0,0,0,0,0,0,0,0,109.93843078613281
0,0.0000004999999987376214,0,0,0,0,0,0,0,0,0,128.32028198242188
0,0.0000004999999987376214,0,0,0,0,0,0,0,0,0,132.1178436279297
0,0.0000004999999987376214,0,0,0,0,0,0,0,0,0,76.65772247314453
0,0.0000004999999987376214,0,0,0,0,0,0,0,0,0,183.21730041503906
0,0.0000004999999987376214,0,0,0,0,0,0,0,0,0,122.75963592529297
0,0.0000004999999987376214,0,0,0,0,0,0,0,0,0,129.56724548339844
0,0.0000004999999987376214,0,0,0,0,0,0,0,0,0,125.86532592773438
0,0.0000004999999987376214,0,0,0,0,0,0,0,0,0,83.22237396240234
0,0.0000004999999987376214,0,0,0,0,0,0,0,0,0,128.71669006347656
0,0.0000004999999987376214,0,0,0,0,0,0,0,0,0,195.96316528320313
0,0.0000004999999987376214,0,0,0,0,0,0,0,0,0,115.18083190917969
0,0.0000004999999987376214,0,0,0,0,0,0,0,0,0,139.27577209472656
0,0.0000004999999987376214,0,0,0,0,0,0,0,0,0,73.70825958251953
0,0.0000004999999987376214,0,0,0,0,0,0,0,0,0,198.21604919433594
0,0.0000004999999987376214,0,0,0,0,0,0,0,0,0,139.19821166992188
0,0.0000004999999987376214,0,0,0,0,0,0,0,0,0,130.25921630859375
0,0.0000004999999987376214,0,0,0,0,0,0,0,0,0,81.55941772460938
0,0.0000004999999987376214,0,0,0,0,0,0,0,0,0,218.86627197265625
0,0.0000004999999987376214,0,0,0,0,0,0,0,0,0,106.9747543334961
0,0.0000004999999987376214,0,0,0,0,0,0,0,0,0,130.19137573242188
0,0.0000004999999987376214,0,0,0,0,0,0,0,0,0,123.6552505493164
0,0.0000004999999987376214,0,0,0,0,0,0,0,0,0,84.05480194091797
0,0.0000004999999987376214,0,0,0,0,0,0,0,0,0,206.05810546875
0,0.0000004999999987376214,0,0,0,0,0,0,0,0,0,111.68193054199219
0,0.0000004999999987376214,0,0,0,0,0,0,0,0,0,128.2051239013672
0,0.0000004999999987376214,0,0,0,0,0,0,0,0,0,130.1236114501953
0,0.0000004999999987376214,0,0,0,0,0,0,0,0,0,80.8080825805664
0,0.0000004999999987376214,0,0,0,0,0,0,0,0,0,163.0789337158203
0,0.0000004999999987376214,0,0,0,0,0,0,0,0,0,129.26577758789063
0,0.0000004999999987376214,0,0,0,0,0,0,0,0,0,126.74271392822266
0,0.0000004999999987376214,0,0,0,0,0,0,0,0,0,130.106689453125
0,0.0000004999999987376214,0,0,0,0,0,0,0,0,0,80.50233459472656
0,0.0000004999999987376214,0,0,0,0,0,0,0,0,0,114.96895599365234
0,0.0000004999999987376214,0,0,0,0,0,0,0,0,0,246.91357421875
0,0.0000004999999987376214,0,0,0,0,0,0,0,0,0,113.93414306640625
0,0.0000004999999987376214,0,0,0,0,0,0,0,0,0,126.79092407226563
0,0.0000004999999987376214,0,0,0,0,0,0,0,0,0,72.4585189819336
0,0.0000004999999987376214,0,0,0,0,0,0,0,0,0,240.26910400390625
0,0.0000004999999987376214,0,0,0,0,0,0,0,0,0,134.0482635498047
0,0.0000004999999987376214,0,0,0,0,0,0,0,0,0,127.1294174194336
0,0.0000004999999987376214,0,0,0,0,0,0,0,0,0,82.47422790527344
0,0.0000004999999987376214,0,0,0,0,0,0,0,0,0,209.16127014160156
0,0.0000004999999987376214,0,0,0,0,0,0,0,0,0,110.6684341430664
0,0.0000004999999987376214,0,0,0,0,0,0,0,0,0,122.66928100585938
0,0.0000004999999987376214,0,0,0,0,0,0,0,0,0,130.82156372070313
0,0.0000004999999987376214,0,0,0,0,0,0,0,0,0,80.01920318603516
0,0.0000004999999987376214,0,0,0,0,0,0,0,0,0,221.2389373779297
0,0.0000004999999987376214,0,0,0,0,0,0,0,0,0,112.00717163085938
0,0.0000004999999987376214,0,0,0,0,0,0,0,0,0,127.01638793945313
0,0.0000004999999987376214,0,0,0,0,0,0,0,0,0,129.56724548339844
0,0.0000004999999987376214,0,0,0,0,0,0,0,0,0,80.94544219970703
0,0.0000004999999987376214,0,0,0,0,0,0,0,0,0,175.16201782226563
0,0.0000004999999987376214,0,0,0,0,0,0,0,0,0,129.01560974121094
0,0.0000004999999987376214,0,0,0,0,0,0,0,0,0,124.0233154296875
0,0.0000004999999987376214,0,0,0,0,0,0,0,0,0,125.5650405883789
0,0.0000004999999987376214,0,0,0,0,0,0,0,0,0,81.49959564208984
0,0.0000004999999987376214,0,0,0,0,0,0,0,0,0,121.63970184326172
0,0.0000004999999987376214,0,0,0,0,0,0,0,0,0,210.79258728027344
0,0.0000004999999987376214,0,0,0,0,0,0,0,0,0,121.6841049194336
0,0.0000004999999987376214,0,0,0,0,0,0,0,0,0,83.57710266113281
0,0.0000004999999987376214,0,0,0,0,0,0,0,0,0,216.07606506347656
0,0.0000004999999987376214,0,0,0,0,0,0,0,0,0,101.48162841796875
0,0.0000004999999987376214,0,0,0,0,0,0,0,0,0,139.39224243164063
0,0.0000004999999987376214,0,0,0,0,0,0,0,0,0,127.81185913085938
0,0.0000004999999987376214,0,0,0,0,0,0,0,0,0,81.70602416992188
0,0.0000004999999987376214,0,0,0,0,0,0,0,0,0,212.8112335205078
0,0.0000004999999987376214,0,0,0,0,0,0,0,0,0,108.28370666503906
0,0.0000004999999987376214,0,0,0,0,0,0,0,0,0,128.81617736816406
0,0.0000004999999987376214,0,0,0,0,0,0,0,0,0,130.8386688232422
0,0.0000004999999987376214,0,0,0,0,0,0,0,0,0,79.6749267578125
0,0.0000004999999987376214,0,0,0,0,0,0,0,0,0,213.6295623779297
0,0.0000004999999987376214,0,0,0,0,0,0,0,0,0,109.87803649902344
0,0.0000004999999987376214,0,0,0,0,0,0,0,0,0,127.16175079345703
0,0.0000004999999987376214,0,0,0,0,0,0,0,0,0,126.56625366210938
0,0.0000004999999987376214,0,0,0,0,0,0,0,0,0,82.89811706542969
0,0.0000004999999987376214,0,0,0,0,0,0,0,0,0,168.71942138671875
0,0.0000004999999987376214,0,0,0,0,0,0,0,0,0,121.18274688720703
0,0.0000004999999987376214,0,0,0,0,0,0,0,0,0,132.24014282226563
0,0.0000004999999987376214,0,0,0,0,0,0,0,0,0,123.21340942382813
0,0.0000004999999987376214,0,0,0,0,0,0,0,0,0,84.23180389404297
0,0.0000004999999987376214,0,0,0,0,0,0,0,0,0,133.6005401611328
0,0.0000004999999987376214,0,0,0,0,0,0,0,0,0,169.75047302246094
0,0.0000004999999987376214,0,0,0,0,0,0,0,0,0,130.53126525878906
0,0.0000004999999987376214,0,0,0,0,0,0,0,0,0,83.02200317382813
0,0.0000004999999987376214,0,0,0,0,0,0,0,0,0,206.01565551757813
0,0.0000004999999987376214,0,0,0,0,0,0,0,0,0,109.50503540039063
0,0.0000004999999987376214,0,0,0,0,0,0,0,0,0,126.9357681274414
0,0.0000004999999987376214,0,0,0,0,0,0,0,0,0,129.4665985107422
0,0.0000004999999987376214,0,0,0,0,0,0,0,0,0,80.78196716308594
0,0.0000004999999987376214,0,0,0,0,0,0,0,0,0,222.12350463867188
0,0.0000004999999987376214,0,0,0,0,0,0,0,0,0,108.86131286621094
0,0.0000004999999987376214,0,0,0,0,0,0,0,0,0,125.5965805053711
0,0.0000004999999987376214,0,0,0,0,0,0,0,0,0,129.4665985107422
0,0.0000004999999987376214,0,0,0,0,0,0,0,0,0,79.64319610595703
0,0.0000004999999987376214,0,0,0,0,0,0,0,0,0,221.3368682861328
0,0.0000004999999987376214,0,0,0,0,0,0,0,0,0,113.40440368652344
0,0.0000004999999987376214,0,0,0,0,0,0,0,0,0,126.13521575927734
0,0.0000004999999987376214,0,0,0,0,0,0,0,0,0,127.2264633178711
0,0.0000004999999987376214,0,0,0,0,0,0,0,0,0,81.59934997558594
0,0.0000004999999987376214,0,0,0,0,0,0,0,0,0,125.015625
0,0.0000004999999987376214,0,0,0,0,0,0,0,0,0,214.17861938476563
0,0.0000004999999987376214,0,0,0,0,0,0,0,0,0,113.18618774414063
0,0.0000004999999987376214,0,0,0,0,0,0,0,0,0,127.45347595214844
0,0.0000004999999987376214,0,0,0,0,0,0,0,0,0,80.10894775390625
0,0.0000004999999987376214,0,0,0,0,0,0,0,0,0,135.42794799804688
0,0.0000004999999987376214,0,0,0,0,0,0,0,0,0,175.68516540527344
0,0.0000004999999987376214,0,0,0,0,0,0,0,0,0,127.1294174194336
0,0.0000004999999987376214,0,0,0,0,0,0,0,0,0,84.87523651123047
0,0.0000004999999987376214,0,0,0,0,0,0,0,0,0,191.68104553222656
0,0.0000004999999987376214,0,0,0,0,0,0,0,0,0,110.72970581054688
0,0.0000004999999987376214,0,0,0,0,0,0,0,0,0,128.33676147460938
0,0.0000004999999987376214,0,0,0,0,0,0,0,0,0,127.35608673095703
0,0.0000004999999987376214,0,0,0,0,0,0,0,0,0,81.17542266845703
0,0.0000004999999987376214,0,0,0,0,0,0,0,0,0,217.1552734375
0,0.0000004999999987376214,0,0,0,0,0,0,0,0,0,107.20411682128906
0,0.0000004999999987376214,0,0,0,0,0,0,0,0,0,132.4327850341797
0,0.0000004999999987376214,0,0,0,0,0,0,0,0,0,126.31047058105469
0,0.0000004999999987376214,0,0,0,0,0,0,0,0,0,81.85315704345703
0,0.0000004999999987376214,0,0,0,0,0,0,0,0,0,226.91172790527344
0,0.0000004999999987376214,0,0,0,0,0,0,0,0,0,106.80337524414063
0,0.0000004999999987376214,0,0,0,0,0,0,0,0,0,127.4047622680664
0,0.0000004999999987376214,0,0,0,0,0,0,0,0,0,127.19409942626953
0,0.0000004999999987376214,0,0,0,0,0,0,0,0,0,82.0748519897461
0,0.0000004999999987376214,0,0,0,0,0,0,0,0,0,132.76686096191406
0,0.0000004999999987376214,0,0,0,0,0,0,0,0,0,193.1993865966797
0,0.0000004999999987376214,0,0,0,0,0,0,0,0,0,105.60777282714844
0,0.0000004999999987376214,0,0,0,0,0,0,0,0,0,135.70362854003906
0,0.0000004999999987376214,0,0,0,0,0,0,0,0,0,81.71269989013672
0,0.0000004999999987376214,0,0,0,0,0,0,0,0,0,143.20492553710938
0,0.0000004999999987376214,0,0,0,0,0,0,0,0,0,160.48788452148438
0,0.0000004999999987376214,0,0,0,0,0,0,0,0,0,129.19895935058594
0,0.0000004999999987376214,0,0,0,0,0,0,0,0,0,84.00537872314453
0.000004999999873689376,0.0000004920551646137028,0,-0.001588967745192349,0,0,0,-2495.944580078125,0,0,0,199.88006591796875
0.000009999999747378752,0.00000047628407173760934,0,-0.0031542195938527584,0,0,0,-2458.69189453125,0,0,0,105.24100494384766
0.000014999999621068127,0.00000045292387085282826,0,-0.004672039765864611,0,0,0,-2384.185791015625,0,0,0,125.1251220703125
0.000019999999494757503,0.00000042233031649629993,0,-0.0061187115497887135,0,0,0,-2272.427001953125,0,0,0,136.4442596435547
0.00002499999936844688,0.00000038497771015499893,0,-0.007470519747585058,0,0,0,-2123.415283203125,0,0,0,82.38589477539063
0.000029999999242136255,0.0000003414589571093529,0,-0.008703748695552349,0,0,0,-1937.1510009765625,0,0,0,210.4820098876953
0.00003499999729683623,0.0000002924855380115332,0,-0.009794681333005428,0,0,0,-1713.633544921875,0,0,0,107.63104248046875
0.000039999998989515007,0.00000023888753730716417,0,-0.010719601996243,0,0,0,-1452.8631591796875,0,0,0,127.55101776123047
0.000045000000682193786,0.00000018149498259845132,0,-0.011478512547910213,0,0,0,-1192.0928955078125,0,0,0,113.35298156738281
0.00004999999873689376,0.00000012125650528105325,0,-0.012047694995999336,0,0,0,-894.0697021484375,0,0,0,87.64241790771484
0.00005499999679159373,0.00000005912075806691064,0,-0.012427149340510368,0,0,0,-596.0465087890625,0,0,0,232.6122283935547
0.00005999999848427251,-0.000000003963620542890567,0,-0.012616876512765884,0,0,0,-298.0232238769531,0,0,0,109.57703399658203
0.00006500000017695129,-0.00000006692942378094813,0,-0.012593161314725876,0,0,0,37.25290298461914,0,0,0,123.33497619628906
0.00006999999459367245,-0.00000012882800604074873,0,-0.012379717081785202,0,0,0,335.276123046875,0,0,0,124.1927490234375
0.00007499999628635123,-0.00000018871074303206115,0,-0.011976545676589012,0,0,0,633.2993774414063,0,0,0,86.36324310302734
0.00007999999797903001,-0.00000024562896783209,0,-0.011383647099137306,0,0,0,931.322509765625,0,0,0,154.9666748046875
0.00008499999967170879,-0.00000029863406325603137,0,-0.010601021349430084,0,0,0,1229.3458251953125,0,0,0,135.50135803222656
0.00009000000136438757,-0.00000034689597327997035,0,-0.009652383625507355,0,0,0,1490.1160888671875,0,0,0,120.86052703857422
0.00009499999578110874,-0.000000389584641879992,0,-0.008537733927369118,0,0,0,1750.886474609375,0,0,0,123.54830932617188
0.00009999999747378752,-0.0000004261071637756686,0,-0.007304504979401827,0,0,0,1937.1510009765625,0,0,0,84.12551879882813
0.0001049999991664663,-0.00000045587063368657255,0,-0.005952696781605482,0,0,0,2123.41552734375,0,0,0,142.91839599609375
0.00010999999358318746,-0.0000004784007501257292,0,-0.004506024997681379,0,0,0,2272.427001953125,0,0,0,163.0789337158203
0.00011499999527586624,-0.0000004933417585561983,0,-0.0029882052913308144,0,0,0,2384.185791015625,0,0,0,125.77033996582031
0.00011999999696854502,-0.0000005004565082344925,0,-0.0014229536755010486,0,0,0,2458.691650390625,0,0,0,84.53085327148438
0.00012499999138526618,-0.0000004996264237888681,0,0.0001660140696913004,0,0,0,2495.944580078125,0,0,0,204.54080200195313
0.00013000000035390258,-0.0000004908515052193252,0,0.0017549818148836493,0,0,0,2495.944580078125,0,0,0,103.12467956542969
0.00013499999477062374,-0.00000047425032789760735,0,0.003320233430713415,0,0,0,2458.691650390625,0,0,0,133.19126892089844
0.0001399999891873449,-0.0000004500600709889113,0,0.004838053602725267,0,0,0,2384.185791015625,0,0,0,132.8021240234375
0.0001449999981559813,-0.0000004187550359802117,0,0.006261009257286787,0,0,0,2235.174072265625,0,0,0,81.63265228271484
0.00014999999257270247,-0.00000038080952435848303,0,0.007589101325720549,0,0,0,2086.16259765625,0,0,0,211.1040802001953
0.00015500000154133886,-0.00000033681646982586244,0,0.008798614144325256,0,0,0,1899.8980712890625,0,0,0,108.55406188964844
0.00015999999595806003,-0.0000002874873246128118,0,0.009865831583738327,0,0,0,1676.380615234375,0,0,0,128.1230010986328
0.0001649999903747812,-0.00000023353356937150238,0,0.010790752246975899,0,0,0,1452.86328125,0,0,0,124.67273712158203
0.00016999999934341758,-0.0000001759038354975928,0,0.011525945737957954,0,0,0,1154.8399658203125,0,0,0,82.67195892333984
0.00017499999376013875,-0.00000011542819322585274,0,0.012095129117369652,0,0,0,894.0697021484375,0,0,0,226.5518798828125
0.00018000000272877514,-0.000000053173856429111765,0,0.012450868263840675,0,0,0,558.79345703125,0,0,0,109.02747344970703
0.0001849999971454963,0.000000009910543496971513,0,0.012616880238056183,0,0,0,260.7703552246094,0,0,0,123.21340942382813
0.00018999999156221747,0.00000007287636805131115,0,0.012593165040016174,0,0,0,-37.25290298461914,0,0,0,122.45897674560547
0.00019500000053085387,0.00000013465640336107754,0,0.012356005609035492,0,0,0,-372.5290222167969,0,0,0,84.02655029296875
0.00019999999494757503,0.00000019430200381975737,0,0.011929119005799294,0,0,0,-670.55224609375,0,0,0,157.50511169433594
0.0002049999893642962,0.0000002508645309262647,0,0.011312505230307579,0,0,0,-968.5755004882813,0,0,0,138.3699951171875
0.0002099999983329326,0.00000030339535328494094,0,0.010506164282560349,0,0,0,-1266.5987548828125,0,0,0,125.1094741821289
0.00021499999274965376,0.0000003510644148718711,0,0.00953381136059761,0,0,0,-1527.3690185546875,0,0,0,122.33912658691406
0.00021999998716637492,0.00000039316023503488395,0,0.008419161662459373,0,0,0,-1750.886474609375,0,0,0,82.95313262939453
0.00022499999613501132,0.0000004289713047000987,0,0.007162217050790787,0,0,0,-1974.40380859375,0,0,0,147.10208129882813
0.00022999999055173248,0.00000045790477543050656,0,0.005786692723631859,0,0,0,-2160.66845703125,0,0,0,156.15240478515625
0.00023499999952036887,0.0000004796048642674577,0,0.004340020939707756,0,0,0,-2272.427001953125,0,0,0,133.17352294921875
0.00023999999393709004,0.0000004937158450957213,0,0.002822201233357191,0,0,0,-2384.185791015625,0,0,0,84.37394714355469
0.00024500000290572643,0.00000050000056717181,0,0.0012569492682814598,0,0,0,-2458.69189453125,0,0,0,162.91952514648438
0.00024999998277053237,0.0000004983404551239801,0,-0.0003320184478070587,0,0,0,-2495.944580078125,0,0,0,116.46867370605469
0.00025499999173916876,0.0000004887355089522316,0,-0.001920986222103238,0,0,0,-2495.944580078125,0,0,0,133.7077178955078
0.00026000000070780516,0.00000047130430402830825,0,-0.0034862381871789694,0,0,0,-2458.69189453125,0,0,0,129.90386962890625
0.0002649999805726111,0.00000044640259488915035,0,-0.004980341996997595,0,0,0,-2346.932861328125,0,0,0,82.57638549804688
0.0002699999895412475,0.00000041438610764998884,0,-0.0064032976515591145,0,0,0,-2235.174072265625,0,0,0,209.46795654296875
0.0002749999985098839,0.00000037572917221950775,0,-0.007731389719992876,0,0,0,-2086.16259765625,0,0,0,109.4810562133789
0.0002799999783746898,0.00000033114324082816893,0,-0.008917186409235,0,0,0,-1862.6451416015625,0,0,0,126.59830474853516
0.0002849999873433262,0.0000002813397941281437,0,-0.009960686787962914,0,0,0,-1639.127685546875,0,0,0,120.22120666503906
0.0002899999963119626,0.00000022703034119331278,0,-0.010861892253160477,0,0,0,-1415.6103515625,0,0,0,85.63843536376953
0.000295000005280599,0.00000016916348499762535,0,-0.011573370546102524,0,0,0,-1117.5869140625,0,0,0,191.4975128173828
0.00029999998514540493,0.00000010856930288127842,0,-0.012118836864829063,0,0,0,-856.8167724609375,0,0,0,118.60989379882813
0.00030499999411404133,0.00000004619642623993059,0,-0.012474576011300087,0,0,0,-558.7935180664063,0,0,0,123.57884216308594
0.0003100000030826777,-0.000000016887923948161188,0,-0.012616870924830437,0,0,0,-223.51742553710938,0,0,0,121.35922241210938
0.00031499998294748366,-0.00000007973511628733831,0,-0.01256943866610527,0,0,0,74.50580596923828,0,0,0,84.58805847167969
0.00031999999191612005,-0.0000001412779369047712,0,-0.01230856403708458,0,0,0,409.78192138671875,0,0,0,114.46886444091797
0.00032500000088475645,-0.00000020056774019394652,0,-0.011857960373163223,0,0,0,707.80517578125,0,0,0,263.2964782714844
0.0003299999807495624,-0.000000256655880548351,0,-0.011217629536986351,0,0,0,1005.828369140625,0,0,0,111.09877014160156
0.0003349999897181988,-0.00000030871231615492434,0,-0.01041128858923912,0,0,0,1266.5987548828125,0,0,0,122.95585632324219
0.00033999999868683517,-0.00000035590699098975165,0,-0.009438935667276382,0,0,0,1527.3690185546875,0,0,0,84.92568969726563
0.0003449999785516411,-0.00000039740984902891796,0,-0.008300570771098137,0,0,0,1788.1392822265625,0,0,0,137.21185302734375
0.0003499999875202775,-0.0000004326279849919956,0,-0.00704362615942955,0,0,0,1974.40380859375,0,0,0,163.15875244140625
0.0003549999964889139,-0.00000046096849359855696,0,-0.005668101832270622,0,0,0,2160.66845703125,0,0,0,119.56002044677734
0.0003600000054575503,-0.000000481957044939918,0,-0.004197713918983936,0,0,0,2309.68017578125,0,0,0,88.3548355102539
0.0003649999853223562,-0.0000004952379413225572,0,-0.002656178083270788,0,0,0,2421.438720703125,0,0,0,190.43991088867188
0.0003699999942909926,-0.0000005006925789530214,0,-0.0010909263510257006,0,0,0,2458.691650390625,0,0,0,112.24604034423828
0.000375000003259629,-0.0000004982023824595672,0,0.0004980413941666484,0,0,0,2495.944580078125,0,0,0,124.93753051757813
0.00037999998312443495,-0.0000004877673518421943,0,0.0020870091393589973,0,0,0,2495.944580078125,0,0,0,126.31047058105469
0.00038499999209307134,-0.00000046962463784439024,0,0.0036285449750721455,0,0,0,2421.438720703125,0,0,0,84.08307647705078
0.00039000000106170774,-0.00000044401139120964217,0,0.0051226490177214146,0,0,0,2346.932861328125,0,0,0,198.33399963378906
0.00039499998092651367,-0.0000004112833664748905,0,0.006545604672282934,0,0,0,2235.174072265625,0,0,0,110.90162658691406
0.00039999998989515007,-0.0000003720334689205629,0,0.0078499810770154,0,0,0,2048.90966796875,0,0,0,129.19895935058594
0.00040499999886378646,-0.00000032685457540537755,0,0.009035778231918812,0,0,0,1862.6451416015625,0,0,0,121.62490844726563
0.0004099999787285924,-0.0000002764581950032152,0,0.010079278610646725,0,0,0,1639.127685546875,0,0,0,84.27439880371094
0.0004149999876972288,-0.00000022167435531628144,0,0.01095676887780428,0,0,0,1378.357421875,0,0,0,180.79913330078125
0.0004199999966658652,-0.00000016333311236849113,0,0.011668247170746326,0,0,0,1117.5870361328125,0,0,0,120.55455017089844
0.0004249999765306711,-0.00000010238312597721233,0,0.012189998291432858,0,0,0,819.5638427734375,0,0,0,126.15113067626953
0.0004299999854993075,-0.00000003977301332724892,0,0.012522022239863873,0,0,0,521.5406494140625,0,0,0,132.55567932128906
0.0004349999944679439,0.000000023429997497714794,0,0.012640601955354214,0,0,0,186.26451110839844,0,0,0,80.78196716308594
0.00043999997433274984,0.00000008627726799659285,0,0.012569454498589039,0,0,0,-111.75871276855469,0,0,0,117.01380920410156
0.00044499998330138624,0.00000014770157008570095,0,0.01228486280888319,0,0,0,-447.0348205566406,0,0,0,213.538330078125
0.00044999999227002263,0.00000020675429368566256,0,0.011810543946921825,0,0,0,-745.0580444335938,0,0,0,116.53653717041016
0.000455000001238659,0.0000002624867931899644,0,0.011146497912704945,0,0,0,-1043.081298828125,0,0,0,129.2490692138672
0.00045999998110346496,0.000000314068984152982,0,0.010316439904272556,0,0,0,-1303.8514404296875,0,0,0,80.42464447021484
0.00046499999007210135,0.00000036067083897250996,0,0.00932036992162466,0,0,0,-1564.6219482421875,0,0,0,125.54927825927734
0.00046999999904073775,0.00000040158084857466747,0,0.008182005025446415,0,0,0,-1788.1396484375,0,0,0,193.42359924316406
0.0004749999789055437,0.0000004360875607289927,0,0.006901344284415245,0,0,0,-2011.65673828125,0,0,0,121.10935974121094
0.0004799999878741801,0.00000046359807015505794,0,0.005502103827893734,0,0,0,-2197.92138671875,0,0,0,121.03607177734375
0.00048499999684281647,0.0000004837566507376323,0,0.004031715914607048,0,0,0,-2309.6796875,0,0,0,79.40919494628906
0.0004900000058114529,0.0000004962075763614848,0,0.0024901800788939,0,0,0,-2421.438720703125,0,0,0,172.1763153076172
0.0004949999856762588,0.0000005007136110179999,0,0.0009012123919092119,0,0,0,-2495.944580078125,0,0,0,151.7911376953125
0.0004999999655410647,0.0000004972748115505965,0,-0.0006877553532831371,0,0,0,-2495.944580078125,0,0,0,119.18951416015625
0.0005050000036135316,0.0000004858911779592745,0,-0.002276723040267825,0,0,0,-2495.944580078125,0,0,0,126.98412322998047
0.0005099999834783375,0.00000046679988940923067,0,-0.0038182588759809732,0,0,0,-2421.438720703125,0,0,0,78.7959976196289
0.0005149999633431435,0.00000044023806822224287,0,-0.005312362685799599,0,0,0,-2346.932861328125,0,0,0,155.37600708007813
0.0005200000014156103,0.0000004066800443069951,0,-0.00671160314232111,0,0,0,-2197.92138671875,0,0,0,149.97000122070313
0.0005249999812804163,0.0000003666001475721714,0,-0.008015979081392288,0,0,0,-2048.90966796875,0,0,0,125.21913146972656
0.0005299999611452222,0.00000032070985866994306,0,-0.009178059175610542,0,0,0,-1825.3922119140625,0,0,0,129.28248596191406
0.000534999999217689,0.00000026972062983077194,0,-0.010197844356298447,0,0,0,-1601.8751220703125,0,0,0,72.4690170288086
0.000539999979082495,0.00000021446254550028243,0,-0.011051617562770844,0,0,0,-1341.1044921875,0,0,0,249.56326293945313
0.0005449999589473009,0.00000015576566170238948,0,-0.011739378795027733,0,0,0,-1080.334228515625,0,0,0,126.48621368408203
0.0005499999970197678,0.00000009457859562189697,0,-0.012237412855029106,0,0,0,-782.3109741210938,0,0,0,132.2576446533203
0.0005549999768845737,0.00000003184999997074556,0,-0.012545719742774963,0,0,0,-484.2877502441406,0,0,0,81.09642028808594
0.0005599999567493796,-0.000000031352918483662506,0,-0.012640584260225296,0,0,0,-149.01161193847656,0,0,0,113.14777374267578
0.0005649999948218465,-0.00000009408151413481392,0,-0.012545719742774963,0,0,0,149.01161193847656,0,0,0,263.9915466308594
0.0005699999746866524,-0.00000015526858021530643,0,-0.012237412855029106,0,0,0,484.2877502441406,0,0,0,111.0370864868164
0.0005750000127591193,-0.0000002139654782240541,0,-0.011739378795027733,0,0,0,782.3109741210938,0,0,0,128.17225646972656
0.0005799999926239252,-0.0000002692235625545436,0,-0.011051617562770844,0,0,0,1080.334228515625,0,0,0,79.10140991210938
0.0005849999724887311,-0.0000003202127913937147,0,-0.010197844356298447,0,0,0,1341.1044921875,0,0,0,151.4233856201172
0.000590000010561198,-0.00000036610308029594307,0,-0.009178059175610542,0,0,0,1601.874755859375,0,0,0,158.2528839111328
0.0005949999904260039,-0.0000004061829770307668,0,-0.008015979081392288,0,0,0,1825.3922119140625,0,0,0,129.9545135498047
0.0005999999702908099,-0.00000043974100094601454,0,-0.00671160314232111,0,0,0,2048.90966796875,0,0,0,83.17391967773438
0.0006050000083632767,-0.00000046630282213300234,0,-0.005312362685799599,0,0,0,2197.92138671875,0,0,0,200.16012573242188
0.0006099999882280827,-0.0000004853941391047556,0,-0.0038182586431503296,0,0,0,2346.932861328125,0,0,0,113.07100677490234
0.0006149999680928886,-0.0000004967777726960776,0,-0.0022767228074371815,0,0,0,2421.438720703125,0,0,0,122.4739761352539
0.0006200000061653554,-0.000000500216572163481,0,-0.0006877551204524934,0,0,0,2495.944580078125,0,0,0,130.34410095214844
0.0006249999860301614,-0.0000004957105375069659,0,0.0009012126247398555,0,0,0,2495.944580078125,0,0,0,78.46829986572266
0.0006299999658949673,-0.0000004832596118831134,0,0.0024901803117245436,0,0,0,2495.944580078125,0,0,0,234.85205078125
0.0006350000039674342,-0.00000046310103130053903,0,0.004031715914607048,0,0,0,2421.438720703125,0,0,0,108.83761596679688
0.0006399999838322401,-0.0000004355905218744738,0,0.005502103827893734,0,0,0,2309.68017578125,0,0,0,126.66244506835938
0.000644999963697046,-0.0000004012023850918922,0,0.006877628155052662,0,0,0,2160.66845703125,0,0,0,119.58861541748047
0.0006500000017695129,-0.00000036041095086147834,0,0.008158288896083832,0,0,0,2011.65673828125,0,0,0,83.82229614257813
0.0006549999816343188,-0.00000031392767141369404,0,0.009296653792262077,0,0,0,1788.1392822265625,0,0,0,213.538330078125
0.0006599999614991248,-0.00000026246405582242005,0,0.010292723774909973,0,0,0,1564.6219482421875,0,0,0,114.18132019042969
0.0006649999995715916,-0.0000002068501459007166,0,0.011122781783342361,0,0,0,1303.8515625,0,0,0,126.75878143310547
0.0006699999794363976,-0.00000014791601188335335,0,0.011786827817559242,0,0,0,1043.081298828125,0,0,0,121.84720611572266
0.0006749999593012035,-0.00000008661027806056154,0,0.012261146679520607,0,0,0,745.0579833984375,0,0,0,81.73941802978516
0.0006799999973736703,-0.000000023881590038854483,0,0.012545738369226456,0,0,0,447.034912109375,0,0,0,114.69205474853516
0.0006849999772384763,0.000000039202838308938226,0,0.01261688582599163,0,0,0,111.75871276855469,0,0,0,230.4147491455078
0.0006899999571032822,0.00000010169436848173063,0,0.01249830611050129,0,0,0,-186.26451110839844,0,0,0,117.15088653564453
0.0006949999951757491,0.0000001625257795012658,0,0.012166282162070274,0,0,0,-521.5406494140625,0,0,0,121.80268096923828
0.000699999975040555,0.00000022074843286645773,0,0.011644531041383743,0,0,0,-819.5638427734375,0,0,0,79.8977279663086
0.0007049999549053609,0.0000002754136971816479,0,0.010933052748441696,0,0,0,-1117.5869140625,0,0,0,148.8316650390625
0.0007099999929778278,0.00000032569150221206655,0,0.010055562481284142,0,0,0,-1378.357421875,0,0,0,165.8099822998047
0.0007149999728426337,0.00000037075182035550824,0,0.009012062102556229,0,0,0,-1639.127685546875,0,0,0,130.3950958251953
0.0007200000109151006,0.0000004098831425380922,0,0.007826264947652817,0,0,0,-1862.6451416015625,0,0,0,83.38892364501953
0.0007249999907799065,0.00000044249259190110024,0,0.006521889008581638,0,0,0,-2048.90966796875,0,0,0,187.2659149169922
0.0007299999706447124,0.0000004681058385358483,0,0.005122648552060127,0,0,0,-2197.92138671875,0,0,0,117.63321685791016
0.0007350000087171793,0.0000004862485525336524,0,0.003628544509410858,0,0,0,-2346.932861328125,0,0,0,115.27377319335938
0.0007399999885819852,0.0000004966835831510252,0,0.00208700867369771,0,0,0,-2421.438720703125,0,0,0,139.80148315429688
0.0007449999684467912,0.0000004991737796444795,0,0.000498040986713022,0,0,0,-2495.944580078125,0,0,0,79.72574615478516
0.000750000006519258,0.0000004937191420140152,0,-0.001090926700271666,0,0,0,-2495.944580078125,0,0,0,211.9991455078125
0.000754999986384064,0.000000480438245631376,0,-0.0026561785489320755,0,0,0,-2458.69189453125,0,0,0,109.85389709472656
0.0007599999662488699,0.00000045956824124004925,0,-0.0041739982552826405,0,0,0,-2384.185791015625,0,0,0,122.4739761352539
0.0007650000043213367,0.00000043134630800523155,0,-0.005644386168569326,0,0,0,-2309.6796875,0,0,0,142.7551727294922
0.0007699999841861427,0.00000039624674741389754,0,-0.007019910495728254,0,0,0,-2160.66845703125,0,0,0,80.49585723876953
0.0007749999640509486,0.00000035486246474647487,0,-0.008276854641735554,0,0,0,-1974.40380859375,0,0,0,174.550537109375
0.0007800000021234155,0.0000003077863652833912,0,-0.0094152195379138,0,0,0,-1788.1396484375,0,0,0,126.79092407226563
0.0007849999819882214,0.0000002558485050485615,0,-0.010387572459876537,0,0,0,-1527.3690185546875,0,0,0,122.05541229248047
0.0007899999618530273,0.00000019987894006590068,0,-0.011193913407623768,0,0,0,-1266.5987548828125,0,0,0,119.84659576416016
0.0007949999999254942,0.00000014070772635932371,0,-0.01183424424380064,0,0,0,-1005.828369140625,0,0,0,85.66043853759766
0.0007999999797903001,0.00000007928348821906184,0,-0.012284847907721996,0,0,0,-707.80517578125,0,0,0,112.72686004638672
0.0008049999596551061,0.000000016554878357055713,0,-0.012545722536742687,0,0,0,-409.78192138671875,0,0,0,311.0419921875
0.0008099999977275729,-0.00000004641089645929242,0,-0.012593154795467854,0,0,0,-74.50580596923828,0,0,0,107.37678527832031
0.0008149999775923789,-0.0000001086651977288966,0,-0.012450859881937504,0,0,0,223.51742553710938,0,0,0,133.19126892089844
0.0008199999574571848,-0.00000016914080447349988,0,-0.01209512073546648,0,0,0,558.79345703125,0,0,0,68.39945220947266
0.0008249999955296516,-0.00000022688907108658896,0,-0.01154965441673994,0,0,0,856.8167724609375,0,0,0,224.11474609375
0.0008299999753944576,-0.00000028107996286053094,0,-0.010838176123797894,0,0,0,1117.5870361328125,0,0,0,156.91197204589844
0.0008349999552592635,-0.0000003307648057671031,0,-0.00993697065860033,0,0,0,1415.6103515625,0,0,0,75.05816650390625
0.0008399999933317304,-0.00000037523216178669827,0,-0.008893470279872417,0,0,0,1639.127685546875,0,0,0,156.00624084472656
0.0008449999731965363,-0.0000004137705218454357,0,-0.007707673124969006,0,0,0,1862.6451416015625,0,0,0,100.95911407470703
0.0008499999530613422,-0.0000004456684337128536,0,-0.006379581056535244,0,0,0,2086.16259765625,0,0,0,204.2900848388672
0.0008549999911338091,-0.00000047045156748026784,0,-0.004956625401973724,0,0,0,2235.174072265625,0,0,0,122.41400146484375
0.000859999970998615,-0.0000004877641686107381,0,-0.0034625213593244553,0,0,0,2346.932861328125,0,0,0,139.4700164794922
0.000864999950863421,-0.0000004973691147824866,0,-0.0019209855236113071,0,0,0,2421.438720703125,0,0,0,80.98477172851563
0.0008699999889358878,-0.0000004990292268303165,0,-0.0003320178366266191,0,0,0,2495.944580078125,0,0,0,215.6101837158203
0.0008749999688006938,-0.0000004927445047542278,0,0.001256949850358069,0,0,0,2495.944580078125,0,0,0,108.8968734741211
0.0008799999486654997,-0.0000004786335239259643,0,0.0028222016990184784,0,0,0,2458.691650390625,0,0,0,118.7789535522461
0.0008849999867379665,-0.00000045693340666730364,0,0.004340021405369043,0,0,0,2384.185791015625,0,0,0,138.12155151367188
0.0008899999666027725,-0.0000004279999359368958,0,0.005786693189293146,0,0,0,2272.427001953125,0,0,0,81.63932037353516
0.0008950000046752393,-0.0000003923074416434247,0,0.007138501387089491,0,0,0,2123.41552734375,0,0,0,178.69906616210938
0.0008999999845400453,-0.0000003503302252738649,0,0.00839544553309679,0,0,0,1974.40380859375,0,0,0,124.85953521728516
0.0009049999644048512,-0.0000003027797390586784,0,0.009510095231235027,0,0,0,1750.886474609375,0,0,0,123.27416229248047
0.000910000002477318,-0.0000002503674920717458,0,0.010482448153197765,0,0,0,1527.3690185546875,0,0,0,130.94146728515625
0.000914999982342124,-0.00000019392354033698211,0,0.011288789100944996,0,0,0,1266.5987548828125,0,0,0,79.70668029785156
0.0009199999622069299,-0.00000013439652946090064,0,0.01190540287643671,0,0,0,968.5755004882813,0,0,0,142.3690185546875
0.0009250000002793968,-0.00000007273508373373261,0,0.012332289479672909,0,0,0,670.55224609375,0,0,0,163.71971130371094
0.0009299999801442027,-0.000000009887841656563978,0,0.012569448910653591,0,0,0,372.5290222167969,0,0,0,118.6943588256836
0.0009349999600090086,0.0000000530779757923483,0,0.0125931641086936,0,0,0,37.25290298461914,0,0,0,131.19915771484375
0.0009399999980814755,0.00000011521373721734562,0,0.012427152134478092,0,0,0,-260.7702941894531,0,0,0,75.36363220214844
0.0009449999779462814,0.00000017557080411734205,0,0.012071412988007069,0,0,0,-558.7935180664063,0,0,0,138.42745971679688
0.0009499999578110874,0.00000023308194840865326,0,0.011502230539917946,0,0,0,-894.0697021484375,0,0,0,169.95240783691406
0.0009549999958835542,0.000000286917128278219,0,0.01076703704893589,0,0,0,-1154.8399658203125,0,0,0,132.27513122558594
0.0009599999757483602,0.00000033612769811952603,0,0.009842116385698318,0,0,0,-1452.8631591796875,0,0,0,131.97836303710938
0.0009649999556131661,0.000000380002177280403,0,0.008774898946285248,0,0,0,-1676.380615234375,0,0,0,73.91529083251953
0.0009699999936856329,0.000000417829113530388,0,0.007565386593341827,0,0,0,-1899.8980712890625,0,0,0,198.88623046875
0.0009749999735504389,0.00000044901557316734397,0,0.006237294524908066,0,0,0,-2086.16259765625,0,0,0,134.8799591064453
0.0009800000116229057,0.00000047308725470429636,0,0.004814338870346546,0,0,0,-2235.174072265625,0,0,0,138.6577911376953
0.0009849999332800508,0.0000004896884320260142,0,0.003320234827697277,0,0,0,-2346.932861328125,0,0,0,111.99462127685547
0.0009899999713525176,0.0000004984633505955571,0,0.0017549828626215458,0,0,0,-2458.69189453125,0,0,0,77.68800354003906
0.0009950000094249845,0.0000004992934350411815,0,0.00016601511742919683,0,0,0,-2495.944580078125,0,0,0,206.22808837890625
0.0009999999310821295,0.0000004921786853628873,0,-0.0014229526277631521,0,0,0,-2495.944580078125,0,0,0,136.3512420654297
0.0010049999691545963,0.0000004772376769324183,0,-0.0029882045928388834,0,0,0,-2458.69189453125,0,0,0,123.70114135742188
0.0010100000072270632,0.00000045470756049326155,0,-0.004506024532020092,0,0,0,-2384.185791015625,0,0,0,130.05592346191406
0.0010149999288842082,0.0000004249440905823576,0,-0.005952696315944195,0,0,0,-2272.427001953125,0,0,0,68.69075775146484
0.001019999966956675,0.000000388421568686681,0,-0.0073045045137405396,0,0,0,-2123.415283203125,0,0,0,266.31158447265625
0.001025000005029142,0.00000034573290008665936,0,-0.008537733927369118,0,0,0,-1937.1510009765625,0,0,0,130.77023315429688
0.001029999926686287,0.000000297589565434464,0,-0.009628666564822197,0,0,0,-1713.633544921875,0,0,0,133.54701232910156
0.0010349999647587538,0.0000002447030453822663,0,-0.010577304288744926,0,0,0,-1490.1160888671875,0,0,0,80.93888854980469
0.0010400000028312206,0.0000001879033959539811,0,-0.011359930038452148,0,0,0,-1229.3458251953125,0,0,0,109.15838623046875
0.0010449999244883657,0.00000012813924854526704,0,-0.011952828615903854,0,0,0,-931.322509765625,0,0,0,262.67401123046875
0.0010499999625608325,0.00000006635924876263743,0,-0.012356000021100044,0,0,0,-633.2993774414063,0,0,0,113.57183074951172
0.0010550000006332994,0.0000000035120280017508776,0,-0.012569444254040718,0,0,0,-335.276123046875,0,0,0,129.19895935058594
0.0010599999222904444,-0.00000005933519275913568,0,-0.012569444254040718,0,0,0,0,0,0,0,77.72423553466797
0.0010649999603629112,-0.00000012123376791350893,0,-0.012379717081785202,0,0,0,298.0232238769531,0,0,0,142.28799438476563
0.001069999998435378,-0.00000018123508027656499,0,-0.01200026273727417,0,0,0,596.04638671875,0,0,0,161.68148803710938
0.001074999920092523,-0.00000023839047003093583,0,-0.011431079357862473,0,0,0,894.0697021484375,0,0,0,136.6120147705078
0.00107999995816499,-0.0000002917513199918176,0,-0.010672168806195259,0,0,0,1192.0928955078125,0,0,0,80.57368469238281
0.0010849999962374568,-0.0000003404875599244406,0,-0.009747248142957687,0,0,0,1452.86328125,0,0,0,215.6101837158203
0.0010899999178946018,-0.00000038376913380488986,0,-0.008656315505504608,0,0,0,1713.633544921875,0,0,0,98.11617279052734
0.0010949999559670687,-0.00000042088456098099414,0,-0.007423086557537317,0,0,0,1937.1510009765625,0,0,0,147.6886749267578
0.0010999999940395355,-0.0000004513595399657788,0,-0.006094994489103556,0,0,0,2086.16259765625,0,0,0,127.64871215820313
0.0011049999156966805,-0.00000047460116547881626,0,-0.004648322705179453,0,0,0,2272.427001953125,0,0,0,82.53549194335938
0.0011099999537691474,-0.0000004902536829831661,0,-0.003130502998828888,0,0,0,2384.185791015625,0,0,0,212.5850372314453
0.0011149999918416142,-0.000000498079941735341,0,-0.0015652513829991221,0,0,0,2458.691650390625,0,0,0,111.07408905029297
0.0011199999134987593,-0.0000004979613663635973,0,0.000023716362193226814,0,0,0,2495.944580078125,0,0,0,124.79720306396484
0.0011249999515712261,-0.0000004898979568679351,0,0.0016126841073855758,0,0,0,2495.944580078125,0,0,0,121.62490844726563
0.001129999989643693,-0.00000047400828862009803,0,0.0031779357232153416,0,0,0,2458.691650390625,0,0,0,84.1396713256836
0.0011350000277161598,-0.0000004505295123635733,0,0.004695755895227194,0,0,0,2384.185791015625,0,0,0,148.25796508789063
0.0011399999493733048,-0.000000419935958007045,0,0.0061187115497887135,0,0,0,2235.174072265625,0,0,0,136.817626953125
0.0011449999874457717,-0.00000038270195545919705,0,0.007446803618222475,0,0,0,2086.16259765625,0,0,0,124.34717559814453
0.0011500000255182385,-0.00000033942038157874777,0,0.008656316436827183,0,0,0,1899.8980712890625,0,0,0,118.60989379882813
0.0011549999471753836,-0.00000029068414164612477,0,0.009747249074280262,0,0,0,1713.633544921875,0,0,0,91.78522491455078
0.0011599999852478504,-0.00000023732329168524302,0,0.010672169737517834,0,0,0,1452.86328125,0,0,0,112.37217712402344
0.0011650000233203173,-0.00000018016788772001746,0,0.011431080289185047,0,0,0,1192.0928955078125,0,0,0,256.2131652832031
0.0011699999449774623,-0.0000001201665753569614,0,0.01200026273727417,0,0,0,894.0697021484375,0,0,0,112.32168579101563
0.0011749999830499291,-0.0000000582679930971608,0,0.012379717081785202,0,0,0,596.04638671875,0,0,0,130.68478393554688
0.001180000021122396,0.00000000457922766372576,0,0.012569444254040718,0,0,0,298.0232238769531,0,0,0,73.84979248046875
0.001184999942779541,0.00000006730787305286867,0,0.01254572905600071,0,0,0,-37.25290298461914,0,0,0,179.85610961914063
0.0011899999808520079,0.00000012896930456918199,0,0.012332284823060036,0,0,0,-335.276123046875,0,0,0,153.02218627929688
0.0011950000189244747,0.0000001886148766061524,0,0.011929113417863846,0,0,0,-633.2993774414063,0,0,0,124.20817565917969
0.0011999999405816197,0.00000024529595066269394,0,0.01133621484041214,0,0,0,-931.322509765625,0,0,0,80.10253143310547
0.0012049999786540866,0.00000029806389534314803,0,0.010553589090704918,0,0,0,-1229.3458251953125,0,0,0,214.63833618164063
0.0012100000167265534,0.0000003460886546235997,0,0.009604951366782188,0,0,0,-1490.1160888671875,0,0,0,119.09014892578125
0.0012149999383836985,0.0000003886587478518777,0,0.00851401872932911,0,0,0,-1713.633544921875,0,0,0,112.29646301269531
0.0012199999764561653,0.0000004250626943758107,0,0.007280789781361818,0,0,0,-1937.1510009765625,0,0,0,140.31149291992188
0.0012250000145286322,0.000000454707588914971,0,0.0059289815835654736,0,0,0,-2123.415283203125,0,0,0,77.54342651367188
0.0012299999361857772,0.0000004771191584040935,0,0.004482309799641371,0,0,0,-2272.427001953125,0,0,0,241.72105407714844
0.001234999974258244,0.0000004919415914628189,0,0.002964490093290806,0,0,0,-2384.185791015625,0,0,0,108.90873718261719
0.0012400000123307109,0.0000004989377657693694,0,0.0013992381282150745,0,0,0,-2458.69189453125,0,0,0,125.53351593017578
0.001244999933987856,0.0000004979891059520014,0,-0.00018972961697727442,0,0,0,-2495.944580078125,0,0,0,129.63442993164063
0.0012499999720603228,0.0000004890956120107148,0,-0.0017786973621696234,0,0,0,-2495.944580078125,0,0,0,80.12820434570313
0.0012550000101327896,0.00000047237585931725334,0,-0.0033439493272453547,0,0,0,-2458.69189453125,0,0,0,187.4062957763672
0.0012599999317899346,0.0000004481856024085573,0,-0.00483805313706398,0,0,0,-2346.932861328125,0,0,0,122.41400146484375
0.0012649999698624015,0.0000004168805673998577,0,-0.0062610087916255,0,0,0,-2235.174072265625,0,0,0,124.08487701416016
0.0012700000079348683,0.000000378935055778129,0,-0.007589100860059261,0,0,0,-2086.16259765625,0,0,0,134.80722045898438
0.0012749999295920134,0.00000033494200124550844,0,-0.008798613213002682,0,0,0,-1899.8980712890625,0,0,0,80.87997436523438
0.0012799999676644802,0.0000002856128560324578,0,-0.009865830652415752,0,0,0,-1676.380615234375,0,0,0,179.6622314453125
0.001285000005736947,0.00000023177767616289202,0,-0.010767036117613316,0,0,0,-1415.6103515625,0,0,0,123.54830932617188
0.001289999927394092,0.0000001742665318715808,0,-0.011502229608595371,0,0,0,-1154.8399658203125,0,0,0,130.0897674560547
0.001294999965466559,0.00000011402805455418275,0,-0.01204769592732191,0,0,0,-856.8167724609375,0,0,0,120.01920318603516
0.0013000000035390258,0.00000005201088271178378,0,-0.012403435073792934,0,0,0,-558.7935180664063,0,0,0,71.0328140258789
0.0013049999251961708,-0.000000010836352259957494,0,-0.012569447048008442,0,0,0,-260.7702941894531,0,0,0,226.96322631835938
0.0013099999632686377,-0.00000007356501185995512,0,-0.012545731849968433,0,0,0,37.25290298461914,0,0,0,137.36264038085938
0.0013150000013411045,-0.0000001351078822153795,0,-0.012308572418987751,0,0,0,372.5290222167969,0,0,0,143.0615234375
0.0013199999229982495,-0.00000019451630350886262,0,-0.011881685815751553,0,0,0,670.55224609375,0,0,0,79.17656707763672
0.0013249999610707164,-0.00000025084165145017323,0,-0.011265072040259838,0,0,0,968.5755004882813,0,0,0,214.54623413085938
0.0013299999991431832,-0.00000030313529464365274,0,-0.010458731092512608,0,0,0,1266.5987548828125,0,0,0,106.55300903320313
0.0013349999208003283,-0.0000003505671770653862,0,-0.00948637817054987,0,0,0,1527.3690185546875,0,0,0,128.17225646972656
0.001339999958872795,-0.0000003924258180632023,0,-0.008371728472411633,0,0,0,1750.886474609375,0,0,0,121.19743347167969
0.001344999996945262,-0.00000042799973698492977,0,-0.007114783860743046,0,0,0,1974.40380859375,0,0,0,87.32099151611328
0.001349999918602407,-0.00000045681460392188455,0,-0.005762975662946701,0,0,0,2123.41552734375,0,0,0,198.53086853027344
0.0013549999566748738,-0.0000004783961458088015,0,-0.004316303879022598,0,0,0,2272.427001953125,0,0,0,115.74073791503906
0.0013599999947473407,-0.0000004923885512653214,0,-0.0027984841726720333,0,0,0,2384.185791015625,0,0,0,127.00025177001953
0.0013649999164044857,-0.0000004985546979696664,0,-0.0012332325568422675,0,0,0,2458.691650390625,0,0,0,112.10762023925781
0.0013699999544769526,-0.0000004967760105500929,0,0.000355735159246251,0,0,0,2495.944580078125,0,0,0,89.2458724975586
0.0013749999925494194,-0.0000004870524890066008,0,0.0019447028171271086,0,0,0,2495.944580078125,0,0,0,184.29782104492188
0.0013799999142065644,-0.00000046962128408267745,0,0.0034862386528402567,0,0,0,2421.438720703125,0,0,0,124.59506225585938
0.0013849999522790313,-0.00000044471957494351955,0,0.004980342462658882,0,0,0,2346.932861328125,0,0,0,123.31977081298828
0.0013899999903514981,-0.00000041270308770435804,0,0.006403298117220402,0,0,0,2235.174072265625,0,0,0,129.6176300048828
0.0013949999120086432,-0.0000003741647276456206,0,0.00770767405629158,0,0,0,2048.90966796875,0,0,0,79.96800994873047
0.00139999995008111,-0.0000003296973716260254,0,0.008893471211194992,0,0,0,1862.6451416015625,0,0,0,123.12238311767578
0.0014049999881535769,-0.00000028001250029774383,0,0.009936971589922905,0,0,0,1639.127685546875,0,0,0,192.90122985839844
0.0014099999098107219,-0.00000022582162273465656,0,0.010838177055120468,0,0,0,1415.6103515625,0,0,0,133.56484985351563
0.0014149999478831887,-0.00000016807334191071277,0,0.011549655348062515,0,0,0,1117.5870361328125,0,0,0,84.20343780517578
0.0014199999859556556,-0.00000010759773516610949,0,0.012095121666789055,0,0,0,856.8167724609375,0,0,0,197.78480529785156
0.0014249999076128006,-0.00000004546200926824895,0,0.01242714561522007,0,0,0,521.5406494140625,0,0,0,106.72358703613281
0.0014299999456852674,0.000000017385190176355536,0,0.01256944052875042,0,0,0,223.51742553710938,0,0,0,122.89541625976563
0.0014349999837577343,0.00000007999523177204537,0,0.012522008270025253,0,0,0,-74.50580596923828,0,0,0,137.24952697753906
0.0014400000218302011,0.00000014130090164599096,0,0.012261133641004562,0,0,0,-409.78192138671875,0,0,0,80.16032409667969
0.0014449999434873462,0.000000200353554191679,0,0.011810529977083206,0,0,0,-707.80517578125,0,0,0,216.966796875
0.001449999981559813,0.00000025620454380259616,0,0.011170199140906334,0,0,0,-1005.828369140625,0,0,0,114.14221954345703
0.0014550000196322799,0.00000030802382866568223,0,0.010363858193159103,0,0,0,-1266.5987548828125,0,0,0,123.27416229248047
0.001459999941289425,0.00000035498135275702225,0,0.009391505271196365,0,0,0,-1527.3690185546875,0,0,0,121.27091979980469
0.0014649999793618917,0.00000039624706005270127,0,0.00825314037501812,0,0,0,-1788.1396484375,0,0,0,85.7412338256836
0.0014700000174343586,0.00000043122804527229164,0,0.006996195763349533,0,0,0,-1974.40380859375,0,0,0,214.54623413085938
0.0014749999390915036,0.0000004593314031353657,0,0.005620671436190605,0,0,0,-2160.66845703125,0,0,0,112.65067291259766
0.0014799999771639705,0.0000004800828037332394,0,0.004150283522903919,0,0,0,-2309.6796875,0,0,0,126.50221252441406
0.0014850000152364373,0.000000493245124744135,0,0.0026324638165533543,0,0,0,-2384.185791015625,0,0,0,123.42631530761719
0.0014899999368935823,0.0000004985811870028556,0,0.001067211851477623,0,0,0,-2458.69189453125,0,0,0,81.32726287841797
0.0014949999749660492,0.0000004959724151376577,0,-0.000521755893714726,0,0,0,-2495.944580078125,0,0,0,181.09381103515625
0.001500000013038516,0.0000004854188091485412,0,-0.002110723638907075,0,0,0,-2495.944580078125,0,0,0,124.3162612915039
0.001504999934695661,0.00000046715751977899345,0,-0.003652259474620223,0,0,0,-2421.438720703125,0,0,0,122.42899322509766
0.001509999972768128,0.00000044142569777250174,0,-0.0051463632844388485,0,0,0,-2346.932861328125,0,0,0,132.96104431152344
0.0015150000108405948,0.00000040869767303775006,0,-0.00654560374096036,0,0,0,-2197.92138671875,0,0,0,80.25682067871094
0.0015199999324977398,0.00000036944777548342245,0,-0.007849980145692825,0,0,0,-2048.90966796875,0,0,0,129.718505859375
0.0015249999705702066,0.0000003242688819682371,0,-0.009035777300596237,0,0,0,-1862.6451416015625,0,0,0,185.04811096191406
0.0015300000086426735,0.0000002738725015660748,0,-0.01007927767932415,0,0,0,-1639.127685546875,0,0,0,120.62725830078125
0.0015349999302998185,0.000000219088661879141,0,-0.010956767946481705,0,0,0,-1378.357421875,0,0,0,127.90995025634766
0.0015399999683722854,0.00000016086602272480377,0,-0.011644529178738594,0,0,0,-1080.334228515625,0,0,0,71.84423828125
0.0015450000064447522,0.00000010003462591612333,0,-0.012166280299425125,0,0,0,-819.5638427734375,0,0,0,208.50709533691406
0.0015499999281018972,0.00000003766169243135664,0,-0.012474587187170982,0,0,0,-484.2877502441406,0,0,0,140.94432067871094
0.001554999966174364,-0.00000002530413922841035,0,-0.012593166902661324,0,0,0,-186.26451110839844,0,0,0,129.93763732910156
0.001560000004246831,-0.00000008791423766751905,0,-0.012522019445896149,0,0,0,111.75871276855469,0,0,0,84.11843872070313
0.001564999925903976,-0.00000014910136769685778,0,-0.0122374277561903,0,0,0,447.034912109375,0,0,0,199.40179443359375
0.0015699999639764428,-0.00000020791691213162267,0,-0.011763108894228935,0,0,0,745.0579833984375,0,0,0,111.7193603515625
0.0015750000020489097,-0.00000026341223247072776,0,-0.011099062860012054,0,0,0,1043.081298828125,0,0,0,122.11503601074219
0.0015799999237060547,-0.0000003147572442685487,0,-0.010269004851579666,0,0,0,1303.8515625,0,0,0,129.3326416015625
0.0015849999617785215,-0.0000003611219199228799,0,-0.00927293486893177,0,0,0,1564.6219482421875,0,0,0,81.81967163085938
0.0015899999998509884,-0.0000004017947787815501,0,-0.008134569972753525,0,0,0,1788.1392822265625,0,0,0,222.61798095703125
0.0015949999215081334,-0.0000004360643117706786,0,-0.006853909231722355,0,0,0,2011.65673828125,0,0,0,109.82976531982422
0.0015999999595806003,-0.00000046333764203154715,0,-0.005454668775200844,0,0,0,2197.92138671875,0,0,0,121.96609497070313
0.0016049999976530671,-0.0000004832590434489248,0,-0.003984280861914158,0,0,0,2309.68017578125,0,0,0,124.610595703125
0.0016099999193102121,-0.0000004954727614858712,0,-0.0024427450262010098,0,0,0,2421.438720703125,0,0,0,84.32414245605469
0.001614999957382679,-0.000000499741645398899,0,-0.0008537773392163217,0,0,0,2495.944580078125,0,0,0,183.65472412109375
0.0016199999954551458,-0.0000004960656951880082,0,0.0007351904059760273,0,0,0,2495.944580078125,0,0,0,124.75049591064453
0.0016249999171122909,-0.000000484444910853199,0,0.0023241580929607153,0,0,0,2495.944580078125,0,0,0,123.6093978881836
0.0016299999551847577,-0.0000004651164431379584,0,0.0038656939286738634,0,0,0,2421.438720703125,0,0,0,128.22157287597656
0.0016349999932572246,-0.00000043843604657922697,0,0.005336082074791193,0,0,0,2309.68017578125,0,0,0,83.25701141357422
0.0016399999149143696,-0.00000040475941887052613,0,0.006735322531312704,0,0,0,2197.92138671875,0,0,0,118.3712158203125
0.0016449999529868364,-0.000000364679493713993,0,0.008015982806682587,0,0,0,2011.65673828125,0,0,0,225.73362731933594
0.0016499999910593033,-0.0000003187891763900552,0,0.00917806290090084,0,0,0,1825.3922119140625,0,0,0,112.04481506347656
0.0016549999127164483,-0.0000002677999475508841,0,0.010197848081588745,0,0,0,1601.874755859375,0,0,0,126.51821899414063
0.0016599999507889152,-0.00000021254183479868516,0,0.011051621288061142,0,0,0,1341.1044921875,0,0,0,73.24397277832031
0.001664999988861382,-0.00000015384492257908278,0,0.011739382520318031,0,0,0,1080.334228515625,0,0,0,195.4652099609375
0.001669999910518527,-0.00000009265784228773555,0,0.012237416580319405,0,0,0,782.3109741210938,0,0,0,146.2629852294922
0.0016749999485909939,-0.00000003004780069204571,0,0.012522008270025253,0,0,0,447.034912109375,0,0,0,125.37612915039063
0.0016799999866634607,0.00000003303656370690078,0,0.012616872787475586,0,0,0,149.01161193847656,0,0,0,87.30574798583984
0.0016849999083206058,0.00000009564660530259061,0,0.012522008270025253,0,0,0,-149.01161193847656,0,0,0,190.51248168945313
0.0016899999463930726,0.00000015671511732762156,0,0.012213701382279396,0,0,0,-484.2877502441406,0,0,0,110.75423431396484
0.0016949999844655395,0.0000002152934541754803,0,0.011715667322278023,0,0,0,-782.3109741210938,0,0,0,125.23481750488281
0.0016999999061226845,0.0000002704329915559356,0,0.011027906090021133,0,0,0,-1080.334228515625,0,0,0,125.23481750488281
0.0017049999441951513,0.00000032130364502336306,0,0.010174132883548737,0,0,0,-1341.1044921875,0,0,0,83.13243103027344
0.0017099999822676182,0.0000003670753869755572,0,0.009154347702860832,0,0,0,-1601.8751220703125,0,0,0,217.3913116455078
0.0017149999039247632,0.0000004070367367603467,0,0.007992267608642578,0,0,0,-1825.3922119140625,0,0,0,110.19284057617188
0.00171999994199723,0.0000004404761853038508,0,0.0066878916695714,0,0,0,-2048.90966796875,0,0,0,126.95188903808594
0.001724999980069697,0.00000046691943111909495,0,0.005288651213049889,0,0,0,-2197.92138671875,0,0,0,124.2390365600586
0.001729999901726842,0.0000004858921442973951,0,0.0037945471704006195,0,0,0,-2346.932861328125,0,0,0,83.85041046142578
0.0017349999397993088,0.0000004971572025169735,0,0.0022530113346874714,0,0,0,-2421.438720703125,0,0,0,175.31556701660156
0.0017399999778717756,0.0000005004774266126333,0,0.0006640436477027833,0,0,0,-2495.944580078125,0,0,0,113.49449920654297
0.0017449998995289207,0.0000004958528165843745,0,-0.0009249240974895656,0,0,0,-2495.944580078125,0,0,0,141.18312072753906
0.0017499999376013875,0.0000004832833724321972,0,-0.0025138917844742537,0,0,0,-2495.944580078125,0,0,0,128.66700744628906
0.0017549999756738544,0.00000046300624489958864,0,-0.004055427387356758,0,0,0,-2421.438720703125,0,0,0,80.43758392333984
0.0017599998973309994,0.00000043537716010177974,0,-0.005525815300643444,0,0,0,-2309.6796875,0,0,0,132.81976318359375
0.0017649999354034662,0.00000040087047636916395,0,-0.006901339627802372,0,0,0,-2160.66845703125,0,0,0,196.50225830078125
0.001769999973475933,0.00000035996046676700644,0,-0.008182000368833542,0,0,0,-2011.65673828125,0,0,0,115.26049041748047
0.0017750000115484,0.0000003133586403691879,0,-0.009320365265011787,0,0,0,-1788.1396484375,0,0,0,82.987548828125
0.001779999933205545,0.0000002617764778278797,0,-0.010316435247659683,0,0,0,-1564.6219482421875,0,0,0,224.71910095214844
0.0017849999712780118,0.00000020604400674528733,0,-0.011146493256092072,0,0,0,-1303.8514404296875,0,0,0,107.67739868164063
0.0017900000093504786,0.00000014699131156703515,0,-0.011810539290308952,0,0,0,-1043.081298828125,0,0,0,124.7193832397461
0.0017949999310076237,0.00000008556702368878177,0,-0.012284858152270317,0,0,0,-745.0580444335938,0,0,0,130.77023315429688
0.0017999999690800905,0.000000022838364088784147,0,-0.012545732781291008,0,0,0,-409.78192138671875,0,0,0,83.38197326660156
0.0018050000071525574,-0.00000004024603583729913,0,-0.012616880238056183,0,0,0,-111.75871276855469,0,0,0,202.55215454101563
0.0018099999288097024,-0.00000010273753758838211,0,-0.012498300522565842,0,0,0,186.26451110839844,0,0,0,108.3541030883789
0.0018149999668821692,-0.0000001635689272916352,0,-0.012166276574134827,0,0,0,521.5406494140625,0,0,0,127.08094787597656
0.001820000004954636,-0.0000002217915522351177,0,-0.011644525453448296,0,0,0,819.5638427734375,0,0,0,130.97576904296875
0.0018249999266117811,-0.0000002764567739177437,0,-0.010933047160506248,0,0,0,1117.5870361328125,0,0,0,80.9716567993164
0.001829999964684248,-0.00000032673455052645295,0,-0.010055556893348694,0,0,0,1378.357421875,0,0,0,223.2142791748047
0.0018350000027567148,-0.0000003717948402481852,0,-0.009012056514620781,0,0,0,1639.127685546875,0,0,0,105.5408935546875
0.0018399999244138598,-0.00000041092613400905975,0,-0.007826259359717369,0,0,0,1862.6451416015625,0,0,0,130.02210998535156
0.0018449999624863267,-0.00000044353555495035835,0,-0.006521883420646191,0,0,0,2048.90966796875,0,0,0,131.61358642578125
0.0018500000005587935,-0.00000046903019779165334,0,-0.005098927766084671,0,0,0,2235.174072265625,0,0,0,80.86688995361328
0.0018549999222159386,-0.0000004870543079960044,0,-0.003604823723435402,0,0,0,2346.932861328125,0,0,0,173.13018798828125
0.0018599999602884054,-0.0000004973707632416335,0,-0.002063287887722254,0,0,0,2421.438720703125,0,0,0,128.9158172607422
0.0018649999983608723,-0.0000004997423843633442,0,-0.00047432020073756576,0,0,0,2495.944580078125,0,0,0,122.83502960205078
0.0018699999200180173,-0.0000004941691713611363,0,0.0011146474862471223,0,0,0,2495.944580078125,0,0,0,118.6380386352539
0.0018749999580904841,-0.0000004807696996067534,0,0.0026798993349075317,0,0,0,2458.691650390625,0,0,0,84.12551879882813
0.001879999996162951,-0.0000004596625160502299,0,0.00422143517062068,0,0,0,2421.438720703125,0,0,0,132.97872924804688
0.001884999917820096,-0.0000004312034036502155,0,0.005691823083907366,0,0,0,2309.68017578125,0,0,0,176.58485412597656
0.0018899999558925629,-0.00000039586666389368474,0,0.007067347411066294,0,0,0,2160.66845703125,0,0,0,122.2493896484375
0.0018949999939650297,-0.00000035424520206106536,0,0.008324291557073593,0,0,0,1974.40380859375,0,0,0,121.22681427001953
0.0018999999156221747,-0.00000030693192343278497,0,0.009462656453251839,0,0,0,1788.1392822265625,0,0,0,71.95279693603516
0.0019049999536946416,-0.00000025475688403275853,0,0.010435009375214577,0,0,0,1527.3690185546875,0,0,0,222.02487182617188
0.0019099999917671084,-0.000000198550139884901,0,0.011241350322961807,0,0,0,1266.5987548828125,0,0,0,151.21730041503906
0.0019149999134242535,-0.0000001391417328022726,0,0.01188168115913868,0,0,0,1005.828369140625,0,0,0,119.6458511352539
0.0019199999514967203,-0.00000007748030839138664,0,0.012332284823060036,0,0,0,707.80517578125,0,0,0,86.73027038574219
0.0019249999895691872,-0.000000014633087630500086,0,0.012569444254040718,0,0,0,372.5290222167969,0,0,0,205.33880615234375
0.0019299999112263322,0.00000004845129097930112,0,0.012616876512765884,0,0,0,74.50580596923828,0,0,0,111.33377838134766
0.001934999949298799,0.00000011070561356518738,0,0.012450864538550377,0,0,0,-260.7702941894531,0,0,0,116.197998046875
0.0019399999873712659,0.00000017118124162607273,0,0.012095125392079353,0,0,0,-558.7935180664063,0,0,0,132.96104431152344
0.001944999909028411,0.00000022892953666087124,0,0.011549659073352814,0,0,0,-856.8167724609375,0,0,0,81.44648742675781
0.0019499999471008778,0.0000002830018672739243,0,0.010814465582370758,0,0,0,-1154.8399658203125,0,0,0,234.30177307128906
0.0019549999851733446,0.00000033256816323046223,0,0.009913260117173195,0,0,0,-1415.6103515625,0,0,0,103.77750396728516
0.0019600000232458115,0.0000003767983685065701,0,0.008846042677760124,0,0,0,-1676.380615234375,0,0,0,136.87380981445313
0.0019650000613182783,0.00000041498103087178606,0,0.007636530324816704,0,0,0,-1899.8980712890625,0,0,0,128.83277893066406
0.0019699998665601015,0.000000446523216623973,0,0.006308438256382942,0,0,0,-2086.16259765625,0,0,0,78.49909973144531
0.0019749999046325684,0.0000004709506242761563,0,0.004885482601821423,0,0,0,-2235.174072265625,0,0,0,194.81784057617188
0.001979999942705035,0.0000004879075277131051,0,0.0033913785591721535,0,0,0,-2346.932861328125,0,0,0,119.14691162109375
0.001984999980777502,0.0000004971567477696226,0,0.0018498427234590054,0,0,0,-2421.438720703125,0,0,0,128.27090454101563
0.001990000018849969,0.0000004984611337022216,0,0.0002608750364743173,0,0,0,-2495.944580078125,0,0,0,123.07691955566406
0.0019950000569224358,0.000000491820685510902,0,-0.0013280927669256926,0,0,0,-2495.944580078125,0,0,0,80.14746856689453
0.001999999862164259,0.0000004773539785674075,0,-0.002893344732001424,0,0,0,-2458.69189453125,0,0,0,143.843505859375
0.002004999900236726,0.00000045529816361522535,0,-0.0044111646711826324,0,0,0,-2384.185791015625,0,0,0,175.3463134765625
0.0020099999383091927,0.000000426008995191296,0,-0.005857836455106735,0,0,0,-2272.427001953125,0,0,0,116.75423431396484
0.0020149999763816595,0.00000038996077478259394,0,-0.00720964465290308,0,0,0,-2123.415283203125,0,0,0,128.4851531982422
0.0020200000144541264,0.0000003477464076695469,0,-0.008442874066531658,0,0,0,-1937.1510009765625,0,0,0,74.62686920166016
0.002025000052526593,0.0000002999587991325825,0,-0.009557523764669895,0,0,0,-1750.886474609375,0,0,0,192.12295532226563
0.0020299998577684164,0.0000002474280051956157,0,-0.010506161488592625,0,0,0,-1490.1160888671875,0,0,0,141.06361389160156
0.0020349998958408833,0.00000019098406767170673,0,-0.011288787238299847,0,0,0,-1229.3458251953125,0,0,0,124.37811279296875
0.00203999993391335,0.00000013145705679562525,0,-0.011905401013791561,0,0,0,-968.5755004882813,0,0,0,110.84017181396484
0.002044999971985817,0.00000006979561817388458,0,-0.01233228761702776,0,0,0,-670.55224609375,0,0,0,82.86376953125
0.002050000010058284,0.00000000706695857388695,0,-0.012545731849968433,0,0,0,-335.276123046875,0,0,0,141.72335815429688
0.0020550000481307507,-0.00000005578027639785432,0,-0.012569447048008442,0,0,0,-37.25290298461914,0,0,0,179.92083740234375
0.002059999853372574,-0.00000011779744824025329,0,-0.012403435073792934,0,0,0,260.7703552246094,0,0,0,126.82308197021484
0.0020649998914450407,-0.00000017791734308048035,0,-0.012023980729281902,0,0,0,596.04638671875,0,0,0,120.36591339111328
0.0020699999295175076,-0.00000023519133662830427,0,-0.01145479828119278,0,0,0,894.0697021484375,0,0,0,79.37137603759766
0.0020749999675899744,-0.0000002886707761717844,0,-0.010695887729525566,0,0,0,1192.0928955078125,0,0,0,189.4298095703125
0.0020800000056624413,-0.00000033752561989786045,0,-0.009770967066287994,0,0,0,1452.86328125,0,0,0,124.54851531982422
0.002085000043734908,-0.00000038104437294350646,0,-0.008703749626874924,0,0,0,1676.380615234375,0,0,0,133.45790100097656
0.0020899998489767313,-0.0000004185155546565511,0,-0.007494237273931503,0,0,0,1899.8980712890625,0,0,0,117.98017883300781
0.002094999887049198,-0.00000044934628817827615,0,-0.006166145205497742,0,0,0,2086.16259765625,0,0,0,77.28572845458984
0.002099999925121665,-0.0000004730622435999976,0,-0.004743189550936222,0,0,0,2235.174072265625,0,0,0,287.5215759277344
0.002104999963194132,-0.0000004893076948064845,0,-0.003249085508286953,0,0,0,2346.932861328125,0,0,0,117.93843841552734
0.0021100000012665987,-0.0000004977268872607965,0,-0.0016838338924571872,0,0,0,2458.691650390625,0,0,0,123.70114135742188
0.0021150000393390656,-0.0000004982012455911899,0,-0.00009486614726483822,0,0,0,2495.944580078125,0,0,0,78.99517822265625
0.0021199998445808887,-0.000000490730712954246,0,0.0014941015979275107,0,0,0,2495.944580078125,0,0,0,148.9203338623047
0.0021249998826533556,-0.0000004754339499868365,0,0.0030593532137572765,0,0,0,2458.691650390625,0,0,0,183.11663818359375
0.0021299999207258224,-0.00000045254807901073946,0,0.0045771729201078415,0,0,0,2384.185791015625,0,0,0,106.60980987548828
0.0021349999587982893,-0.00000042242885456289514,0,0.006023844704031944,0,0,0,2272.427001953125,0,0,0,137.5705108642578
0.002139999996870756,-0.0000003855506065519876,0,0.007375652901828289,0,0,0,2123.41552734375,0,0,0,71.13387298583984
0.002145000034943223,-0.000000342506211836735,0,0.008608882315456867,0,0,0,1937.1510009765625,0,0,0,249.4387664794922
0.002149999840185046,-0.0000002940071226475993,0,0.009699814952909946,0,0,0,1713.633544921875,0,0,0,135.51971435546875
0.002154999878257513,-0.0000002408834518519143,0,0.010624735616147518,0,0,0,1452.86328125,0,0,0,121.18274688720703
0.00215999991632998,-0.00000018396522705188545,0,0.011383646167814732,0,0,0,1192.0928955078125,0,0,0,83.64701080322266
0.0021649999544024467,-0.00000012408250427142775,0,0.011976544745266438,0,0,0,931.322509765625,0,0,0,213.0379180908203
0.0021699999924749136,-0.00000006218392201162715,0,0.012379716150462627,0,0,0,633.2993774414063,0,0,0,118.3572006225586
0.0021750000305473804,0.0000000006632916438320535,0,0.012569443322718143,0,0,0,298.0232238769531,0,0,0,113.97309875488281
0.0021799998357892036,0.00000006351050529929125,0,0.012569443322718143,0,0,0,0,0,0,0,121.6841049194336
0.0021849998738616705,0.0000001252904979764935,0,0.01235599908977747,0,0,0,-335.276123046875,0,0,0,87.3438720703125
0.0021899999119341373,0.00000018505463117435283,0,0.01195282768458128,0,0,0,-633.2993774414063,0,0,0,169.69285583496094
0.002194999950006604,0.00000024185428060263803,0,0.011359929107129574,0,0,0,-931.322509765625,0,0,0,123.22859191894531
0.002199999988079071,0.0000002948593760265794,0,0.01060101855546236,0,0,0,-1192.0928955078125,0,0,0,124.6261215209961
0.002205000026151538,0.0000003431212860505184,0,0.009652380831539631,0,0,0,-1490.1160888671875,0,0,0,128.25445556640625
0.002209999831393361,0.00000038592853002228367,0,0.008561448194086552,0,0,0,-1713.633544921875,0,0,0,80.14746856689453
0.002214999869465828,0.00000042256962728970393,0,0.007328219246119261,0,0,0,-1937.1510009765625,0,0,0,182.34864807128906
0.002219999907538295,0.0000004524516725723515,0,0.005976411048322916,0,0,0,-2123.415283203125,0,0,0,123.36540985107422
0.0022249999456107616,0.00000047510036438325187,0,0.004529739264398813,0,0,0,-2272.427001953125,0,0,0,128.79959106445313
0.0022299999836832285,0.0000004901599481854646,0,0.0030119195580482483,0,0,0,-2384.185791015625,0,0,0,119.38873291015625
0.0022350000217556953,0.0000004973932732355024,0,0.001446667592972517,0,0,0,-2458.69189453125,0,0,0,81.26777648925781
0.0022399998269975185,0.0000004966817641616217,0,-0.00014230015221983194,0,0,0,-2495.944580078125,0,0,0,133.28001403808594
0.0022449998650699854,0.0000004880254209638224,0,-0.001731267897412181,0,0,0,-2495.944580078125,0,0,0,214.9613037109375
0.0022499999031424522,0.0000004715428190138482,0,-0.003296519862487912,0,0,0,-2458.69189453125,0,0,0,110.32656860351563
0.002254999941214919,0.00000044758971284863946,0,-0.004790623672306538,0,0,0,-2346.932861328125,0,0,0,131.57894897460938
0.002259999979287386,0.0000004165218285834271,0,-0.006213579326868057,0,0,0,-2235.174072265625,0,0,0,75.89556884765625
0.002265000017359853,0.00000037881346770518576,0,-0.007541671395301819,0,0,0,-2086.16259765625,0,0,0,146.95077514648438
0.0022700000554323196,0.00000033505756391605246,0,-0.00875118374824524,0,0,0,-1899.8980712890625,0,0,0,195.69471740722656
0.002274999860674143,0.0000002859655694464891,0,-0.00981840118765831,0,0,0,-1676.380615234375,0,0,0,106.32642364501953
0.0022799998987466097,0.00000023236754032041063,0,-0.010719606652855873,0,0,0,-1415.6103515625,0,0,0,132.5732421875
0.0022849999368190765,0.000000175093532561732,0,-0.011454800143837929,0,0,0,-1154.8399658203125,0,0,0,76.40586853027344
0.0022899999748915434,0.00000011497361640522286,0,-0.012023983523249626,0,0,0,-894.0697021484375,0,0,0,191.20458984375
0.0022950000129640102,0.00000005307500572371282,0,-0.01237972266972065,0,0,0,-558.7935180664063,0,0,0,139.10140991210938
0.002300000051036477,-0.000000009653668087139522,0,-0.012545734643936157,0,0,0,-260.7702941894531,0,0,0,122.66928100585938
0.0023049998562783003,-0.00000007226376652624822,0,-0.012522019445896149,0,0,0,37.25290298461914,0,0,0,129.5001220703125
0.002309999894350767,-0.00000013368806150992896,0,-0.012284860014915466,0,0,0,372.5290222167969,0,0,0,73.66482543945313
0.002314999932423234,-0.00000019297792164252314,0,-0.011857973411679268,0,0,0,670.55224609375,0,0,0,258.8661804199219
0.002319999970495701,-0.00000024918472263379954,0,-0.011241359636187553,0,0,0,968.5755004882813,0,0,0,124.14649200439453
0.0023250000085681677,-0.0000003014783942489885,0,-0.010458733886480331,0,0,0,1229.3458251953125,0,0,0,118.55364227294922
0.0023300000466406345,-0.000000349028880464175,0,-0.009510096162557602,0,0,0,1490.1160888671875,0,0,0,80.75587463378906
0.0023349998518824577,-0.00000039100609683373477,0,-0.008395446464419365,0,0,0,1750.886474609375,0,0,0,131.04441833496094
0.0023399998899549246,-0.00000042681719492065895,0,-0.007162217982113361,0,0,0,1937.1510009765625,0,0,0,225.73362731933594
0.0023449999280273914,-0.00000045586924102281046,0,-0.005810409784317017,0,0,0,2123.41552734375,0,0,0,108.02635955810547
0.0023499999660998583,-0.0000004776879336532147,0,-0.004363738000392914,0,0,0,2272.427001953125,0,0,0,134.0482635498047
0.002355000004172325,-0.0000004919175466966408,0,-0.002845918294042349,0,0,0,2384.185791015625,0,0,0,78.65963745117188
0.002360000042244792,-0.0000004983209009878919,0,-0.001280666678212583,0,0,0,2458.691650390625,0,0,0,125.06253051757813
0.002364999847486615,-0.0000004967794211552246,0,0.00030830103787593544,0,0,0,2495.944580078125,0,0,0,244.73812866210938
0.002369999885559082,-0.0000004872930503552197,0,0.001897268695756793,0,0,0,2495.944580078125,0,0,0,111.49514770507813
0.002374999923631549,-0.0000004700990245964931,0,0.003438804531469941,0,0,0,2421.438720703125,0,0,0,130.63357543945313
0.0023799999617040157,-0.00000044543449462253193,0,0.004932908341288567,0,0,0,2346.932861328125,0,0,0,72.08766174316406
0.0023849999997764826,-0.00000041365518654856714,0,0.006355863995850086,0,0,0,2235.174072265625,0,0,0,206.95364379882813
0.0023900000378489494,-0.00000037523540186157334,0,0.007683956064283848,0,0,0,2086.16259765625,0,0,0,143.18441772460938
0.0023949998430907726,-0.0000003308866212137218,0,0.00886975321918726,0,0,0,1862.6451416015625,0,0,0,128.17225646972656
0.0023999998811632395,-0.0000002813203536788933,0,0.009913253597915173,0,0,0,1639.127685546875,0,0,0,81.52616882324219
0.0024049999192357063,-0.00000022724805148754967,0,0.010814459063112736,0,0,0,1415.6103515625,0,0,0,212.85653686523438
0.002409999957308173,-0.0000001694997848744606,0,0.011549652554094791,0,0,0,1154.8399658203125,0,0,0,110.827880859375
0.00241499999538064,-0.00000010902419234071203,0,0.012095118872821331,0,0,0,856.8167724609375,0,0,0,122.77471160888672
0.002420000033453107,-0.000000046769905281962565,0,0.012450858019292355,0,0,0,558.79345703125,0,0,0,135.22650146484375
0.00242499983869493,0.00000001619585532353085,0,0.012593152932822704,0,0,0,223.51742553710938,0,0,0,79.07013702392578
0.002429999876767397,0.00000007892445808010962,0,0.012545720674097538,0,0,0,-74.50580596923828,0,0,0,192.12295532226563
0.0024349999148398638,0.00000014034868911494414,0,0.012284846045076847,0,0,0,-409.78192138671875,0,0,0,121.71372985839844
0.0024399999529123306,0.0000001995199028215211,0,0.011834242381155491,0,0,0,-707.80517578125,0,0,0,118.21728515625
0.0024449999909847975,0.0000002554894535933272,0,0.011193911544978619,0,0,0,-1005.828369140625,0,0,0,136.10997009277344
0.0024500000290572643,0.0000003074273138281569,0,0.010387570597231388,0,0,0,-1266.5987548828125,0,0,0,81.37358856201172
0.0024549998342990875,0.0000003545034132912406,0,0.00941521767526865,0,0,0,-1527.3690185546875,0,0,0,105.61892700195313
0.0024599998723715544,0.0000003958876675369538,0,0.008276852779090405,0,0,0,-1788.1396484375,0,0,0,235.57125854492188
0.0024649999104440212,0.0000004309871997065784,0,0.007019908167421818,0,0,0,-1974.40380859375,0,0,0,124.28536224365234
0.002469999948516488,0.00000045920910451968666,0,0.00564438384026289,0,0,0,-2160.66845703125,0,0,0,125.77033996582031
0.002474999986588955,0.0000004800791089110135,0,0.004173995926976204,0,0,0,-2309.6796875,0,0,0,80.54772186279297
0.0024800000246614218,0.0000004933600052936526,0,0.002656176220625639,0,0,0,-2384.185791015625,0,0,0,148.4560546875
0.002484999829903245,0.0000004988146429241169,0,0.0010909242555499077,0,0,0,-2458.69189453125,0,0,0,166.2786865234375
0.002489999867975712,0.0000004963244464306626,0,-0.0004980434896424413,0,0,0,-2495.944580078125,0,0,0,118.76484680175781
0.0024949999060481787,0.0000004858894158132898,0,-0.0020870112348347902,0,0,0,-2495.944580078125,0,0,0,126.15113067626953
0.0024999999441206455,0.0000004677466733937763,0,-0.0036285470705479383,0,0,0,-2421.438720703125,0,0,0,74.23353576660156
0.0025049999821931124,0.0000004421334267590282,0,-0.005122650880366564,0,0,0,-2346.932861328125,0,0,0,196.07843017578125
0.0025100000202655792,0.0000004095239773960202,0,-0.006521891336888075,0,0,0,-2197.92138671875,0,0,0,152.695068359375
0.0025149998255074024,0.0000003703926267917268,0,-0.00782626774162054,0,0,0,-2048.90966796875,0,0,0,114.90290832519531
0.0025199998635798693,0.0000003253323086482851,0,-0.009012064896523952,0,0,0,-1862.6451416015625,0,0,0,128.3861846923828
0.002524999901652336,0.000000275054475196157,0,-0.010055565275251865,0,0,0,-1639.127685546875,0,0,0,75.88404846191406
0.002529999939724803,0.00000022038919667011214,0,-0.01093305554240942,0,0,0,-1378.357421875,0,0,0,173.76194763183594
0.00253499997779727,0.00000016216652909406548,0,-0.011644533835351467,0,0,0,-1117.5869140625,0,0,0,157.7287139892578
0.0025400000158697367,0.00000010133510386367561,0,-0.012166284956037998,0,0,0,-819.5638427734375,0,0,0,115.94203186035156
0.00254499982111156,0.00000003884355948002849,0,-0.012498308904469013,0,0,0,-521.5406494140625,0,0,0,131.02725219726563
0.0025499998591840267,-0.000000024240883078618936,0,-0.012616888619959354,0,0,0,-186.26451110839844,0,0,0,68.535400390625
0.0025549998972564936,-0.00000008696958531118071,0,-0.01254574116319418,0,0,0,111.75871276855469,0,0,0,282.32635498046875
0.0025599999353289604,-0.00000014827533334482723,0,-0.01226114947348833,0,0,0,447.034912109375,0,0,0,132.10040283203125
0.0025649999734014273,-0.0000002072094815730452,0,-0.011786830611526966,0,0,0,745.0579833984375,0,0,0,128.3532257080078
0.002570000011473894,-0.00000026282339149474865,0,-0.011122784577310085,0,0,0,1043.081298828125,0,0,0,81.83975982666016
0.002575000049546361,-0.00000031428703550773207,0,-0.010292726568877697,0,0,0,1303.8515625,0,0,0,115.12779235839844
0.002579999854788184,-0.00000036077031495551637,0,-0.009296656586229801,0,0,0,1564.6219482421875,0,0,0,264.2705993652344
0.002584999892860651,-0.00000040156177760763967,0,-0.008158291690051556,0,0,0,1788.1392822265625,0,0,0,107.80509185791016
0.002589999930933118,-0.00000043594994281193067,0,-0.006877630949020386,0,0,0,2011.65673828125,0,0,0,133.4935302734375
0.0025949999690055847,-0.0000004633419052879617,0,-0.005478390492498875,0,0,0,2197.92138671875,0,0,0,74.54898071289063
0.0026000000070780516,-0.0000004833819389205019,0,-0.004008002579212189,0,0,0,2309.68017578125,0,0,0,165.70008850097656
0.0026050000451505184,-0.0000004957142891726107,0,-0.0024664667434990406,0,0,0,2421.438720703125,0,0,0,174.88632202148438
0.0026099998503923416,-0.0000005001018053008011,0,-0.0008774990565143526,0,0,0,2495.944580078125,0,0,0,110.97547149658203
0.0026149998884648085,-0.0000004965444873050728,0,0.0007114686886779964,0,0,0,2495.944580078125,0,0,0,138.2743377685547
0.0026199999265372753,-0.0000004850422783420072,0,0.0023004363756626844,0,0,0,2495.944580078125,0,0,0,72.92350006103516
0.002624999964609742,-0.0000004658324144202197,0,0.0038419722113758326,0,0,0,2421.438720703125,0,0,0,214.68441772460938
0.002630000002682209,-0.0000004391520462831977,0,0.005336076021194458,0,0,0,2346.932861328125,0,0,0,122.2045669555664
0.002635000040754676,-0.00000040547547541791573,0,0.006735316477715969,0,0,0,2197.92138671875,0,0,0,138.2169952392578
0.002639999845996499,-0.000000365395578683092,0,0.008015977218747139,0,0,0,2011.65673828125,0,0,0,86.2143325805664
0.002644999884068966,-0.0000003195052897808637,0,0.009178057312965393,0,0,0,1825.3922119140625,0,0,0,201.69422912597656
0.0026499999221414328,-0.000000268516089363402,0,0.010197842493653297,0,0,0,1601.874755859375,0,0,0,110.7665023803711
0.0026549999602138996,-0.00000021325800503291248,0,0.011051615700125694,0,0,0,1341.1044921875,0,0,0,123.27416229248047
0.0026599999982863665,-0.00000015456112123501953,0,0.011739376932382584,0,0,0,1080.334228515625,0,0,0,122.78978729248047
0.0026650000363588333,-0.00000009337406936538173,0,0.012237410992383957,0,0,0,782.3109741210938,0,0,0,83.09789276123047
0.0026699998416006565,-0.00000003064548081965768,0,0.012545717880129814,0,0,0,484.2877502441406,0,0,0,174.88632202148438
0.0026749998796731234,0.00000003255743052932303,0,0.012640582397580147,0,0,0,149.01161193847656,0,0,0,131.61358642578125
0.00267999991774559,0.00000009528601907504708,0,0.012545717880129814,0,0,0,-149.01161193847656,0,0,0,118.25922393798828
0.002684999955818057,0.00000015647307805011224,0,0.012237410992383957,0,0,0,-484.2877502441406,0,0,0,137.19302368164063
0.002689999993890524,0.0000002151699618480052,0,0.011739376932382584,0,0,0,-782.3109741210938,0,0,0,81.77952575683594
0.0026950000319629908,0.0000002704280461784947,0,0.011051615700125694,0,0,0,-1080.334228515625,0,0,0,113.39154052734375
0.002699999837204814,0.0000003214172465959564,0,0.010197842493653297,0,0,0,-1341.1044921875,0,0,0,248.077392578125
0.002704999875277281,0.00000036730753549818473,0,0.009178057312965393,0,0,0,-1601.8751220703125,0,0,0,108.63661193847656
0.0027099999133497477,0.00000040738743223300844,0,0.008015977218747139,0,0,0,-1825.3922119140625,0,0,0,119.43150329589844
0.0027149999514222145,0.00000044094542772654677,0,0.0067116012796759605,0,0,0,-2048.90966796875,0,0,0,74.24456024169922
0.0027199999894946814,0.00000046750722049182514,0,0.0053123608231544495,0,0,0,-2197.92138671875,0,0,0,210.03990173339844
0.002725000027567148,0.0000004865984806201595,0,0.0038182567805051804,0,0,0,-2346.932861328125,0,0,0,144.4669189453125
0.0027299998328089714,0.0000004979820573680627,0,0.0022767209447920322,0,0,0,-2421.438720703125,0,0,0,129.90386962890625
0.0027349998708814383,0.0000005014207999920473,0,0.0006877532578073442,0,0,0,-2495.944580078125,0,0,0,86.6851577758789
0.002739999908953905,0.0000004969147084921133,0,-0.0009012144873850048,0,0,0,-2495.944580078125,0,0,0,195.8480224609375
0.002744999947026372,0.0000004844637828682608,0,-0.002490182174369693,0,0,0,-2495.944580078125,0,0,0,107.77023315429688
0.002749999985098839,0.0000004643052022856864,0,-0.004031717777252197,0,0,0,-2421.438720703125,0,0,0,129.4163360595703
0.0027550000231713057,0.0000004367946644379117,0,-0.005502105690538883,0,0,0,-2309.6796875,0,0,0,132.41525268554688
0.002759999828413129,0.00000040228792386187706,0,-0.006901346147060394,0,0,0,-2197.92138671875,0,0,0,82.11528778076172
0.0027649998664855957,0.0000003613778858380101,0,-0.008182006888091564,0,0,0,-2011.65673828125,0,0,0,196.6181640625
0.0027699999045580626,0.0000003146574556467385,0,-0.009344086982309818,0,0,0,-1825.3922119140625,0,0,0,106.51895904541016
0.0027749999426305294,0.0000002629566608902678,0,-0.010340156964957714,0,0,0,-1564.6219482421875,0,0,0,130.51422119140625
0.0027799999807029963,0.00000020710558601422235,0,-0.011170214973390102,0,0,0,-1303.8514404296875,0,0,0,120.35142517089844
0.002785000018775463,0.0000001479342870425171,0,-0.011834261007606983,0,0,0,-1043.081298828125,0,0,0,87.0700912475586
0.0027899998240172863,0.00000008639138826538328,0,-0.012308579869568348,0,0,0,-745.0580444335938,0,0,0,214.17861938476563
0.002794999862089753,0.00000002342553528933422,0,-0.012593171559274197,0,0,0,-447.0348205566406,0,0,0,111.6694564819336
0.00279999990016222,-0.000000039896058012800495,0,-0.012664319016039371,0,0,0,-111.75871276855469,0,0,0,125.70709991455078
0.002804999938234687,-0.00000010262475313993491,0,-0.01254573930054903,0,0,0,186.26451110839844,0,0,0,120.87513732910156
0.0028099999763071537,-0.00000016369332911381207,0,-0.012213715352118015,0,0,0,521.5406494140625,0,0,0,86.74531555175781
0.0028150000143796206,-0.00000022215314743334602,0,-0.011691964231431484,0,0,0,819.5638427734375,0,0,0,114.27265167236328
0.0028199998196214437,-0.00000027705556249202345,0,-0.010980485938489437,0,0,0,1117.5870361328125,0,0,0,235.2941131591797
0.0028249998576939106,-0.00000032757054668763885,0,-0.010102995671331882,0,0,0,1378.357421875,0,0,0,112.23344421386719
0.0028299998957663774,-0.00000037286801557456783,0,-0.00905949529260397,0,0,0,1639.127685546875,0,0,0,131.492431640625
0.0028349999338388443,-0.00000041223651692234853,0,-0.007873698137700558,0,0,0,1862.6451416015625,0,0,0,78.57311248779297
0.002839999971911311,-0.00000044508311702884384,0,-0.006569322198629379,0,0,0,2048.90966796875,0,0,0,144.4669189453125
0.002845000009983778,-0.00000047081493903533556,0,-0.00514636654406786,0,0,0,2235.174072265625,0,0,0,173.79214477539063
0.002849999815225601,-0.0000004890762284048833,0,-0.0036522625014185905,0,0,0,2346.932861328125,0,0,0,110.22927856445313
0.002854999853298068,-0.0000004995112590222561,0,-0.0020870110020041466,0,0,0,2458.691650390625,0,0,0,135.3363037109375
0.002859999891370535,-0.0000005020014555157104,0,-0.0004980433150194585,0,0,0,2495.944580078125,0,0,0,76.35336303710938
0.0028649999294430017,-0.0000004965468178852461,0,0.0010909243719652295,0,0,0,2495.944580078125,0,0,0,208.89910888671875
0.0028699999675154686,-0.0000004831473461308633,0,0.0026798921171575785,0,0,0,2495.944580078125,0,0,0,129.80270385742188
0.0028750000055879354,-0.00000046204021941775864,0,0.004221427720040083,0,0,0,2421.438720703125,0,0,0,122.48897552490234
0.0028800000436604023,-0.00000043358113543945365,0,0.005691815633326769,0,0,0,2309.68017578125,0,0,0,86.50518798828125
0.0028849998489022255,-0.00000039824442410463234,0,0.007067339960485697,0,0,0,2160.66845703125,0,0,0,211.86441040039063
0.0028899998869746923,-0.0000003566229906937224,0,0.008324284106492996,0,0,0,1974.40380859375,0,0,0,108.7547607421875
0.002894999925047159,-0.00000030930974048715143,0,0.009462649002671242,0,0,0,1788.1392822265625,0,0,0,123.54830932617188
0.002899999963119626,-0.0000002570161541370908,0,0.010458718985319138,0,0,0,1564.6219482421875,0,0,0,122.41400146484375
0.002905000001192093,-0.00000020069086303919903,0,0.011265059933066368,0,0,0,1266.5987548828125,0,0,0,84.83203125
0.0029100000392645597,-0.00000014116390900653641,0,0.01190539076924324,0,0,0,1005.828369140625,0,0,0,184.36578369140625
0.002914999844506383,-0.00000007938393764561624,0,0.012355994433164597,0,0,0,707.80517578125,0,0,0,117.57789611816406
0.00291999988257885,-0.000000016299594562951825,0,0.012616869062185287,0,0,0,409.78192138671875,0,0,0,130.53126525878906
0.0029249999206513166,0.0000000470219134740546,0,0.012664301320910454,0,0,0,74.50580596923828,0,0,0,124.14649200439453
0.0029299999587237835,0.00000010963194085888972,0,0.012522006407380104,0,0,0,-223.51742553710938,0,0,0,79.40289306640625
0.0029349999967962503,0.00000017046326661329658,0,0.01216626726090908,0,0,0,-558.7935180664063,0,0,0,129.853271484375
0.002940000034868717,0.0000002285672735524713,0,0.011620800942182541,0,0,0,-856.8167724609375,0,0,0,222.6675567626953
0.0029449998401105404,0.00000028299530185904587,0,0.010885607451200485,0,0,0,-1154.8399658203125,0,0,0,111.55734252929688
0.0029499998781830072,0.0000003329172955091053,0,0.009984401986002922,0,0,0,-1415.6103515625,0,0,0,132.10040283203125
0.002954999916255474,0.00000037750322690044413,0,0.008917184546589851,0,0,0,-1676.380615234375,0,0,0,77.67593383789063
0.002959999954327941,0.0000004160415869591816,0,0.007707672193646431,0,0,0,-1899.8980712890625,0,0,0,157.13388061523438
0.002964999992400408,0.00000044793949882659945,0,0.006379580125212669,0,0,0,-2086.16259765625,0,0,0,152.9519805908203
0.0029700000304728746,0.0000004727226325940137,0,0.00495662447065115,0,0,0,-2235.174072265625,0,0,0,121.77301788330078
0.002974999835714698,0.000000490035233724484,0,0.0034625204280018806,0,0,0,-2346.932861328125,0,0,0,87.9120864868164
0.0029799998737871647,0.0000004995215476810699,0,0.0018972684629261494,0,0,0,-2458.69189453125,0,0,0,200.36065673828125
0.0029849999118596315,0.0000005010630275137373,0,0.0003083007759414613,0,0,0,-2495.944580078125,0,0,0,103.46611785888672
0.0029899999499320984,0.0000004946596732224862,0,-0.0012806669110432267,0,0,0,-2495.944580078125,0,0,0,138.92747497558594
0.0029949999880045652,0.0000004804300601790601,0,-0.002845918759703636,0,0,0,-2458.69189453125,0,0,0,125.83364868164063
0.003000000026077032,0.00000045861136754865583,0,-0.004363738466054201,0,0,0,-2384.185791015625,0,0,0,80.75587463378906
0.0030049998313188553,0.0000004294407460747607,0,-0.005834126379340887,0,0,0,-2309.6796875,0,0,0,221.6803436279297
